Candidate_ID,Candidate_Age,Candidate_Gender,Candidate_Marital_Status,Candidate_Highest_Degree,Candidate_Field_of_Study,Candidate_Institution_of_Graduation,Candidate_Research_Areas,Candidate_Relevant_Projects,Candidate_Publications_Count,Candidate_Work_Experience,Candidate_Specific_Roles_Held,Candidate_Industry_Experience,Candidate_Technical_Skills,Candidate_Certifications,Candidate_Achievements_Awards,Candidate_Career_Goals,Candidate_Desired_Specialization
Candidate_1,40,Female,Single,MSc,Mechanical Engineering,MIT,Cybersecurity,Project C,23,4,Software Engineer,23,Python,Cisco Certified,Best Intern Award,Become a Senior Engineer,Quantum Computing
Candidate_2,38,Female,Single,MSc,Mechanical Engineering,Stanford,AI,Project C,17,26,Software Engineer,1,C++,Cisco Certified,Best Intern Award,Become a Senior Engineer,Machine Learning
Candidate_3,49,Non-binary,Single,PhD,Computer Science,Stanford,Cloud Computing,Project A,49,11,Data Scientist,21,Java,None,Best Intern Award,Pursue a PhD,Blockchain
Candidate_4,42,Non-binary,Married,BSc,Computer Science,MIT,Cloud Computing,Project B,35,2,Data Scientist,30,Python,AWS Certified,Best Intern Award,Lead a Research Team,Quantum Computing
Candidate_5,26,Non-binary,Single,PhD,Computer Science,Harvard,Cloud Computing,Project A,5,14,Software Engineer,11,Python,None,None,Become a Senior Engineer,Quantum Computing
Candidate_6,35,Non-binary,Married,BSc,Computer Science,Stanford,Cloud Computing,Project B,3,5,Research Assistant,4,Java,Cisco Certified,None,Lead a Research Team,Blockchain
Candidate_7,22,Female,Single,BSc,Electrical Engineering,Harvard,Cloud Computing,Project C,13,28,Data Scientist,5,Python,AWS Certified,None,Lead a Research Team,Quantum Computing
Candidate_8,45,Non-binary,Married,PhD,Mechanical Engineering,Harvard,Cloud Computing,Project B,44,20,Research Assistant,6,Java,None,None,Pursue a PhD,Blockchain
Candidate_9,22,Female,Single,PhD,Computer Science,MIT,Cloud Computing,Project A,28,22,Data Scientist,24,C++,None,Best Intern Award,Pursue a PhD,Machine Learning
Candidate_10,33,Male,Single,PhD,Mechanical Engineering,MIT,Cybersecurity,Project C,42,27,Data Scientist,16,Python,AWS Certified,Employee of the Month,Lead a Research Team,Quantum Computing
Candidate_11,35,Non-binary,Married,PhD,Mechanical Engineering,Stanford,Cloud Computing,Project A,22,27,Data Scientist,4,C++,AWS Certified,Employee of the Month,Become a Senior Engineer,Blockchain
Candidate_12,43,Female,Single,MSc,Computer Science,Harvard,AI,Project C,27,2,Research Assistant,10,C++,AWS Certified,None,Become a Senior Engineer,Quantum Computing
Candidate_13,38,Male,Single,PhD,Computer Science,Harvard,AI,Project C,28,4,Data Scientist,24,Python,AWS Certified,None,Lead a Research Team,Machine Learning
Candidate_14,25,Female,Married,PhD,Mechanical Engineering,MIT,Cloud Computing,Project B,40,16,Software Engineer,14,Python,Cisco Certified,Best Intern Award,Pursue a PhD,Blockchain
Candidate_15,30,Female,Married,MSc,Computer Science,Harvard,Cybersecurity,Project B,38,10,Software Engineer,17,Python,Cisco Certified,Best Intern Award,Lead a Research Team,Machine Learning
Candidate_16,27,Non-binary,Married,PhD,Electrical Engineering,Stanford,Cloud Computing,Project C,45,5,Data Scientist,15,Python,AWS Certified,None,Lead a Research Team,Machine Learning
Candidate_17,49,Female,Married,MSc,Electrical Engineering,Stanford,AI,Project B,3,2,Research Assistant,7,Java,AWS Certified,None,Lead a Research Team,Quantum Computing
Candidate_18,46,Non-binary,Married,MSc,Electrical Engineering,MIT,Cloud Computing,Project C,5,30,Data Scientist,11,Python,AWS Certified,None,Lead a Research Team,Blockchain
Candidate_19,37,Female,Married,PhD,Computer Science,Stanford,AI,Project B,23,6,Software Engineer,9,C++,Cisco Certified,Best Intern Award,Lead a Research Team,Quantum Computing
Candidate_20,44,Male,Single,BSc,Electrical Engineering,MIT,Cloud Computing,Project B,41,7,Software Engineer,4,Java,None,None,Lead a Research Team,Quantum Computing
Candidate_21,48,Non-binary,Single,MSc,Computer Science,Harvard,AI,Project C,30,11,Software Engineer,24,Python,Cisco Certified,Employee of the Month,Become a Senior Engineer,Quantum Computing
Candidate_22,46,Female,Married,PhD,Electrical Engineering,MIT,AI,Project A,22,19,Software Engineer,27,Python,Cisco Certified,None,Pursue a PhD,Machine Learning
Candidate_23,23,Female,Married,MSc,Mechanical Engineering,Stanford,AI,Project A,27,13,Software Engineer,18,Java,None,Employee of the Month,Pursue a PhD,Blockchain
Candidate_24,29,Male,Married,PhD,Mechanical Engineering,Stanford,Cybersecurity,Project A,26,28,Research Assistant,25,Java,None,Best Intern Award,Pursue a PhD,Blockchain
Candidate_25,47,Male,Married,BSc,Computer Science,Harvard,AI,Project B,7,13,Research Assistant,13,Java,AWS Certified,Best Intern Award,Pursue a PhD,Machine Learning
Candidate_26,38,Female,Married,BSc,Mechanical Engineering,Stanford,Cybersecurity,Project C,16,21,Research Assistant,8,Java,AWS Certified,None,Pursue a PhD,Blockchain
Candidate_27,26,Non-binary,Married,BSc,Mechanical Engineering,MIT,Cloud Computing,Project A,26,5,Data Scientist,1,Python,Cisco Certified,None,Pursue a PhD,Quantum Computing
Candidate_28,39,Female,Married,BSc,Electrical Engineering,Stanford,Cybersecurity,Project A,10,30,Software Engineer,11,Java,Cisco Certified,Employee of the Month,Pursue a PhD,Machine Learning
Candidate_29,31,Female,Married,PhD,Mechanical Engineering,MIT,Cybersecurity,Project C,32,21,Data Scientist,17,Java,AWS Certified,Best Intern Award,Lead a Research Team,Machine Learning
Candidate_30,45,Non-binary,Single,BSc,Electrical Engineering,Harvard,Cloud Computing,Project C,45,18,Research Assistant,6,Python,Cisco Certified,Best Intern Award,Pursue a PhD,Machine Learning
Candidate_31,38,Female,Single,MSc,Computer Science,MIT,AI,Project A,8,14,Research Assistant,5,C++,AWS Certified,Employee of the Month,Pursue a PhD,Blockchain
Candidate_32,48,Male,Single,MSc,Electrical Engineering,Harvard,AI,Project A,27,14,Research Assistant,19,Java,AWS Certified,Employee of the Month,Lead a Research Team,Quantum Computing
Candidate_33,28,Non-binary,Married,PhD,Electrical Engineering,MIT,Cloud Computing,Project C,33,8,Data Scientist,10,Python,None,Employee of the Month,Lead a Research Team,Machine Learning
Candidate_34,31,Non-binary,Married,BSc,Mechanical Engineering,Stanford,Cloud Computing,Project B,31,29,Software Engineer,22,C++,AWS Certified,None,Lead a Research Team,Blockchain
Candidate_35,50,Female,Married,BSc,Computer Science,MIT,Cloud Computing,Project A,48,30,Data Scientist,19,Java,None,Employee of the Month,Lead a Research Team,Machine Learning
Candidate_36,38,Female,Married,PhD,Electrical Engineering,Stanford,AI,Project B,49,18,Software Engineer,27,C++,None,Best Intern Award,Become a Senior Engineer,Blockchain
Candidate_37,32,Female,Married,MSc,Mechanical Engineering,Harvard,AI,Project C,13,10,Data Scientist,6,Java,None,Best Intern Award,Pursue a PhD,Machine Learning
Candidate_38,30,Male,Married,BSc,Mechanical Engineering,MIT,Cybersecurity,Project B,6,9,Software Engineer,8,Python,Cisco Certified,None,Become a Senior Engineer,Machine Learning
Candidate_39,37,Non-binary,Married,PhD,Electrical Engineering,Harvard,AI,Project A,11,8,Research Assistant,21,Python,Cisco Certified,Best Intern Award,Pursue a PhD,Machine Learning
Candidate_40,43,Male,Single,PhD,Computer Science,Harvard,Cloud Computing,Project A,8,11,Software Engineer,12,Java,AWS Certified,Best Intern Award,Become a Senior Engineer,Quantum Computing
Candidate_41,49,Non-binary,Married,MSc,Computer Science,Harvard,Cloud Computing,Project B,8,15,Data Scientist,17,Python,Cisco Certified,Best Intern Award,Become a Senior Engineer,Machine Learning
Candidate_42,24,Female,Single,BSc,Mechanical Engineering,Stanford,AI,Project A,15,30,Software Engineer,12,Java,Cisco Certified,Employee of the Month,Pursue a PhD,Blockchain
Candidate_43,38,Male,Single,PhD,Mechanical Engineering,Harvard,Cloud Computing,Project A,47,1,Research Assistant,10,C++,Cisco Certified,None,Lead a Research Team,Quantum Computing
Candidate_44,27,Male,Single,BSc,Computer Science,MIT,Cloud Computing,Project A,8,26,Research Assistant,12,Java,Cisco Certified,Employee of the Month,Pursue a PhD,Blockchain
Candidate_45,46,Male,Single,PhD,Mechanical Engineering,Stanford,Cybersecurity,Project A,22,11,Software Engineer,17,C++,AWS Certified,None,Become a Senior Engineer,Machine Learning
Candidate_46,23,Female,Married,MSc,Electrical Engineering,Stanford,Cloud Computing,Project C,3,2,Software Engineer,7,Java,None,Employee of the Month,Lead a Research Team,Quantum Computing
Candidate_47,48,Male,Married,BSc,Computer Science,Harvard,Cybersecurity,Project C,40,20,Research Assistant,10,Python,None,Employee of the Month,Pursue a PhD,Blockchain
Candidate_48,29,Female,Married,BSc,Mechanical Engineering,MIT,Cloud Computing,Project B,50,1,Data Scientist,26,Python,AWS Certified,Best Intern Award,Lead a Research Team,Machine Learning
Candidate_49,37,Female,Single,BSc,Electrical Engineering,Harvard,AI,Project C,48,29,Software Engineer,7,Java,None,Employee of the Month,Lead a Research Team,Machine Learning
Candidate_50,23,Non-binary,Married,MSc,Computer Science,Harvard,Cloud Computing,Project A,36,21,Data Scientist,2,Java,AWS Certified,Employee of the Month,Pursue a PhD,Blockchain
Candidate_51,29,Non-binary,Single,BSc,Mechanical Engineering,Harvard,AI,Project B,17,4,Data Scientist,23,Java,None,Employee of the Month,Lead a Research Team,Blockchain
Candidate_52,45,Female,Married,PhD,Computer Science,Harvard,AI,Project C,42,15,Data Scientist,5,C++,AWS Certified,Employee of the Month,Become a Senior Engineer,Blockchain
Candidate_53,43,Female,Single,MSc,Mechanical Engineering,MIT,AI,Project C,44,20,Software Engineer,19,Java,Cisco Certified,None,Become a Senior Engineer,Machine Learning
Candidate_54,27,Male,Single,BSc,Electrical Engineering,MIT,Cybersecurity,Project A,39,1,Software Engineer,27,Java,Cisco Certified,Employee of the Month,Become a Senior Engineer,Quantum Computing
Candidate_55,34,Female,Married,BSc,Computer Science,Stanford,Cloud Computing,Project A,17,16,Data Scientist,24,Python,None,None,Pursue a PhD,Blockchain
Candidate_56,33,Female,Married,BSc,Computer Science,Stanford,AI,Project C,31,4,Data Scientist,27,Python,None,Employee of the Month,Pursue a PhD,Machine Learning
Candidate_57,46,Female,Married,BSc,Electrical Engineering,Harvard,Cybersecurity,Project C,31,20,Data Scientist,4,Java,AWS Certified,None,Lead a Research Team,Quantum Computing
Candidate_58,32,Female,Married,MSc,Electrical Engineering,Stanford,Cybersecurity,Project A,30,12,Research Assistant,23,C++,AWS Certified,Employee of the Month,Become a Senior Engineer,Machine Learning
Candidate_59,30,Non-binary,Married,BSc,Computer Science,Stanford,Cloud Computing,Project B,4,19,Software Engineer,30,Java,AWS Certified,Best Intern Award,Become a Senior Engineer,Machine Learning
Candidate_60,30,Male,Married,BSc,Computer Science,Harvard,Cybersecurity,Project B,14,6,Research Assistant,6,C++,AWS Certified,None,Pursue a PhD,Quantum Computing
Candidate_61,29,Non-binary,Single,PhD,Mechanical Engineering,Harvard,Cybersecurity,Project C,41,1,Software Engineer,25,Python,Cisco Certified,Best Intern Award,Lead a Research Team,Quantum Computing
Candidate_62,41,Male,Single,PhD,Electrical Engineering,Harvard,Cybersecurity,Project C,40,14,Software Engineer,14,C++,None,Best Intern Award,Pursue a PhD,Machine Learning
Candidate_63,44,Female,Single,BSc,Electrical Engineering,Harvard,AI,Project C,14,12,Software Engineer,19,Java,None,None,Lead a Research Team,Blockchain
Candidate_64,40,Non-binary,Married,PhD,Mechanical Engineering,MIT,Cybersecurity,Project A,49,1,Research Assistant,16,Java,Cisco Certified,Best Intern Award,Lead a Research Team,Blockchain
Candidate_65,44,Female,Married,MSc,Electrical Engineering,Stanford,Cloud Computing,Project A,34,20,Research Assistant,14,Java,Cisco Certified,Employee of the Month,Become a Senior Engineer,Quantum Computing
Candidate_66,34,Male,Single,MSc,Computer Science,Stanford,Cybersecurity,Project A,9,18,Software Engineer,16,Python,None,Best Intern Award,Lead a Research Team,Machine Learning
Candidate_67,22,Non-binary,Married,BSc,Electrical Engineering,MIT,Cybersecurity,Project B,14,6,Research Assistant,17,Python,Cisco Certified,Employee of the Month,Become a Senior Engineer,Machine Learning
Candidate_68,29,Male,Single,BSc,Computer Science,Stanford,Cloud Computing,Project C,9,5,Research Assistant,23,Java,Cisco Certified,None,Lead a Research Team,Quantum Computing
Candidate_69,42,Male,Married,MSc,Computer Science,MIT,AI,Project B,45,2,Data Scientist,13,Java,AWS Certified,None,Become a Senior Engineer,Blockchain
Candidate_70,45,Non-binary,Married,BSc,Computer Science,Harvard,AI,Project C,7,23,Data Scientist,2,Python,None,Employee of the Month,Lead a Research Team,Machine Learning
Candidate_71,25,Non-binary,Single,MSc,Electrical Engineering,Harvard,Cloud Computing,Project A,47,5,Data Scientist,27,Python,AWS Certified,Employee of the Month,Lead a Research Team,Machine Learning
Candidate_72,27,Female,Married,MSc,Electrical Engineering,Stanford,Cybersecurity,Project A,0,18,Research Assistant,30,Java,Cisco Certified,None,Become a Senior Engineer,Machine Learning
Candidate_73,48,Male,Married,BSc,Electrical Engineering,MIT,AI,Project B,26,25,Software Engineer,3,Python,Cisco Certified,Best Intern Award,Pursue a PhD,Blockchain
Candidate_74,40,Female,Single,MSc,Computer Science,Stanford,Cloud Computing,Project B,4,18,Research Assistant,11,C++,Cisco Certified,None,Lead a Research Team,Machine Learning
Candidate_75,36,Non-binary,Single,BSc,Computer Science,Stanford,Cloud Computing,Project A,32,23,Data Scientist,11,Java,AWS Certified,Best Intern Award,Pursue a PhD,Blockchain
Candidate_76,22,Female,Single,PhD,Computer Science,MIT,Cloud Computing,Project B,2,1,Research Assistant,4,Python,None,None,Lead a Research Team,Blockchain
Candidate_77,38,Male,Single,MSc,Computer Science,Stanford,Cybersecurity,Project A,41,22,Research Assistant,6,Python,Cisco Certified,Best Intern Award,Lead a Research Team,Quantum Computing
Candidate_78,33,Non-binary,Married,MSc,Electrical Engineering,Stanford,Cloud Computing,Project C,11,30,Research Assistant,10,Java,None,Employee of the Month,Become a Senior Engineer,Machine Learning
Candidate_79,31,Female,Married,PhD,Mechanical Engineering,Stanford,Cloud Computing,Project B,7,16,Research Assistant,22,Python,Cisco Certified,None,Become a Senior Engineer,Quantum Computing
Candidate_80,47,Female,Single,MSc,Mechanical Engineering,Stanford,Cybersecurity,Project B,17,10,Data Scientist,27,Java,AWS Certified,None,Pursue a PhD,Blockchain
Candidate_81,39,Female,Married,PhD,Electrical Engineering,MIT,AI,Project A,18,1,Research Assistant,8,Python,Cisco Certified,None,Pursue a PhD,Quantum Computing
Candidate_82,25,Male,Single,BSc,Mechanical Engineering,MIT,Cloud Computing,Project B,3,26,Software Engineer,21,Python,AWS Certified,Employee of the Month,Become a Senior Engineer,Blockchain
Candidate_83,34,Male,Married,PhD,Computer Science,Stanford,Cloud Computing,Project B,36,11,Software Engineer,28,C++,Cisco Certified,None,Lead a Research Team,Machine Learning
Candidate_84,33,Non-binary,Married,MSc,Electrical Engineering,Harvard,Cybersecurity,Project B,48,7,Research Assistant,1,Java,Cisco Certified,Employee of the Month,Lead a Research Team,Blockchain
Candidate_85,23,Male,Married,MSc,Computer Science,MIT,Cybersecurity,Project B,47,29,Software Engineer,12,Python,Cisco Certified,Best Intern Award,Pursue a PhD,Machine Learning
Candidate_86,36,Non-binary,Married,MSc,Electrical Engineering,Stanford,Cloud Computing,Project B,16,9,Data Scientist,8,Java,Cisco Certified,Employee of the Month,Become a Senior Engineer,Blockchain
Candidate_87,32,Non-binary,Single,PhD,Mechanical Engineering,Stanford,Cybersecurity,Project B,2,28,Software Engineer,5,C++,None,Employee of the Month,Become a Senior Engineer,Machine Learning
Candidate_88,42,Non-binary,Married,MSc,Electrical Engineering,Stanford,AI,Project C,20,11,Software Engineer,8,Python,Cisco Certified,None,Pursue a PhD,Blockchain
Candidate_89,39,Non-binary,Married,PhD,Mechanical Engineering,Stanford,Cybersecurity,Project B,19,30,Software Engineer,2,C++,AWS Certified,Employee of the Month,Become a Senior Engineer,Quantum Computing
Candidate_90,36,Male,Married,PhD,Electrical Engineering,Harvard,Cybersecurity,Project A,27,29,Software Engineer,3,Java,Cisco Certified,None,Become a Senior Engineer,Blockchain
Candidate_91,44,Non-binary,Single,MSc,Mechanical Engineering,Stanford,AI,Project B,16,19,Research Assistant,15,Java,None,Best Intern Award,Pursue a PhD,Quantum Computing
Candidate_92,48,Male,Married,BSc,Electrical Engineering,Stanford,AI,Project A,39,17,Data Scientist,4,Python,Cisco Certified,None,Become a Senior Engineer,Quantum Computing
Candidate_93,33,Non-binary,Single,MSc,Mechanical Engineering,Harvard,Cybersecurity,Project C,28,24,Research Assistant,21,Java,Cisco Certified,None,Lead a Research Team,Machine Learning
Candidate_94,48,Male,Married,BSc,Computer Science,Harvard,Cybersecurity,Project A,29,2,Software Engineer,23,Python,Cisco Certified,Employee of the Month,Pursue a PhD,Quantum Computing
Candidate_95,35,Non-binary,Single,MSc,Electrical Engineering,Stanford,Cloud Computing,Project C,12,9,Software Engineer,25,C++,AWS Certified,None,Pursue a PhD,Machine Learning
Candidate_96,47,Non-binary,Single,PhD,Mechanical Engineering,MIT,Cloud Computing,Project A,9,7,Software Engineer,13,Java,AWS Certified,Best Intern Award,Pursue a PhD,Quantum Computing
Candidate_97,45,Female,Married,PhD,Computer Science,Stanford,AI,Project B,26,20,Data Scientist,6,Java,AWS Certified,Employee of the Month,Become a Senior Engineer,Quantum Computing
Candidate_98,26,Non-binary,Single,BSc,Computer Science,MIT,Cybersecurity,Project B,49,18,Research Assistant,17,Python,None,None,Become a Senior Engineer,Blockchain
Candidate_99,34,Non-binary,Married,PhD,Mechanical Engineering,MIT,Cybersecurity,Project B,45,26,Research Assistant,25,Python,Cisco Certified,Employee of the Month,Become a Senior Engineer,Machine Learning
Candidate_100,45,Female,Married,MSc,Electrical Engineering,Stanford,Cloud Computing,Project B,46,24,Research Assistant,28,C++,None,None,Pursue a PhD,Quantum Computing
Candidate_101,25,Male,Married,BSc,Electrical Engineering,Harvard,Cloud Computing,Project B,2,17,Research Assistant,16,Java,None,Employee of the Month,Lead a Research Team,Machine Learning
Candidate_102,30,Non-binary,Married,PhD,Electrical Engineering,Harvard,AI,Project B,31,12,Data Scientist,3,C++,None,None,Become a Senior Engineer,Quantum Computing
Candidate_103,46,Female,Married,PhD,Mechanical Engineering,Harvard,Cybersecurity,Project C,1,10,Software Engineer,20,C++,Cisco Certified,Employee of the Month,Become a Senior Engineer,Blockchain
Candidate_104,25,Female,Married,PhD,Mechanical Engineering,Stanford,AI,Project B,26,3,Software Engineer,28,Java,Cisco Certified,Best Intern Award,Pursue a PhD,Blockchain
Candidate_105,23,Female,Married,BSc,Electrical Engineering,Harvard,Cloud Computing,Project A,48,17,Data Scientist,28,C++,Cisco Certified,None,Become a Senior Engineer,Machine Learning
Candidate_106,46,Male,Single,PhD,Electrical Engineering,MIT,Cybersecurity,Project A,12,10,Research Assistant,25,C++,Cisco Certified,None,Pursue a PhD,Blockchain
Candidate_107,23,Male,Married,BSc,Mechanical Engineering,MIT,Cybersecurity,Project C,36,6,Data Scientist,21,C++,AWS Certified,None,Lead a Research Team,Machine Learning
Candidate_108,41,Male,Married,PhD,Electrical Engineering,Stanford,AI,Project A,6,9,Data Scientist,14,Java,None,None,Pursue a PhD,Machine Learning
Candidate_109,29,Non-binary,Married,PhD,Mechanical Engineering,Stanford,Cybersecurity,Project C,31,28,Research Assistant,27,Python,Cisco Certified,Employee of the Month,Become a Senior Engineer,Quantum Computing
Candidate_110,42,Female,Single,MSc,Electrical Engineering,Harvard,AI,Project A,7,28,Research Assistant,17,Python,Cisco Certified,Best Intern Award,Become a Senior Engineer,Blockchain
Candidate_111,33,Female,Single,MSc,Mechanical Engineering,Stanford,Cloud Computing,Project B,49,18,Software Engineer,30,Python,AWS Certified,Best Intern Award,Lead a Research Team,Quantum Computing
Candidate_112,25,Non-binary,Married,PhD,Computer Science,Harvard,Cloud Computing,Project C,18,11,Research Assistant,27,C++,None,Best Intern Award,Pursue a PhD,Machine Learning
Candidate_113,29,Male,Married,BSc,Computer Science,Harvard,Cybersecurity,Project A,19,21,Data Scientist,1,Java,Cisco Certified,Employee of the Month,Lead a Research Team,Quantum Computing
Candidate_114,41,Non-binary,Married,BSc,Computer Science,Stanford,Cybersecurity,Project A,33,14,Data Scientist,29,C++,Cisco Certified,Best Intern Award,Become a Senior Engineer,Quantum Computing
Candidate_115,44,Non-binary,Single,BSc,Computer Science,MIT,Cybersecurity,Project B,11,18,Software Engineer,2,Python,None,None,Become a Senior Engineer,Blockchain
Candidate_116,49,Non-binary,Married,MSc,Mechanical Engineering,Stanford,Cloud Computing,Project A,26,20,Data Scientist,28,Java,Cisco Certified,Employee of the Month,Lead a Research Team,Blockchain
Candidate_117,36,Female,Single,MSc,Mechanical Engineering,MIT,AI,Project B,25,19,Research Assistant,4,Java,AWS Certified,Employee of the Month,Become a Senior Engineer,Quantum Computing
Candidate_118,36,Male,Married,BSc,Electrical Engineering,MIT,Cybersecurity,Project B,27,16,Research Assistant,12,Python,AWS Certified,None,Lead a Research Team,Quantum Computing
Candidate_119,42,Male,Married,MSc,Computer Science,Harvard,Cybersecurity,Project A,5,22,Software Engineer,18,Python,None,Best Intern Award,Become a Senior Engineer,Blockchain
Candidate_120,38,Non-binary,Single,MSc,Computer Science,Harvard,AI,Project B,27,11,Research Assistant,21,C++,Cisco Certified,Best Intern Award,Pursue a PhD,Blockchain
Candidate_121,39,Male,Married,BSc,Mechanical Engineering,Harvard,Cloud Computing,Project A,31,30,Software Engineer,1,Python,AWS Certified,Best Intern Award,Become a Senior Engineer,Machine Learning
Candidate_122,33,Female,Married,PhD,Computer Science,Stanford,Cybersecurity,Project A,26,28,Research Assistant,5,Java,Cisco Certified,Best Intern Award,Lead a Research Team,Quantum Computing
Candidate_123,38,Female,Married,MSc,Computer Science,Stanford,Cloud Computing,Project B,24,18,Software Engineer,21,Java,Cisco Certified,Best Intern Award,Become a Senior Engineer,Machine Learning
Candidate_124,40,Female,Single,PhD,Electrical Engineering,Harvard,Cloud Computing,Project A,22,12,Research Assistant,7,Python,AWS Certified,Best Intern Award,Pursue a PhD,Quantum Computing
Candidate_125,40,Male,Married,MSc,Electrical Engineering,MIT,AI,Project B,48,14,Research Assistant,30,Java,AWS Certified,None,Pursue a PhD,Quantum Computing
Candidate_126,30,Female,Single,BSc,Computer Science,Stanford,Cloud Computing,Project C,17,12,Software Engineer,30,Python,Cisco Certified,Employee of the Month,Lead a Research Team,Blockchain
Candidate_127,34,Female,Married,MSc,Computer Science,Harvard,Cloud Computing,Project B,10,25,Software Engineer,22,Java,AWS Certified,None,Lead a Research Team,Quantum Computing
Candidate_128,23,Non-binary,Single,PhD,Mechanical Engineering,Stanford,Cybersecurity,Project C,43,30,Data Scientist,21,C++,AWS Certified,None,Pursue a PhD,Quantum Computing
Candidate_129,23,Female,Single,MSc,Computer Science,MIT,AI,Project A,2,11,Software Engineer,27,C++,None,Best Intern Award,Pursue a PhD,Quantum Computing
Candidate_130,50,Female,Single,BSc,Computer Science,Harvard,Cybersecurity,Project A,10,13,Software Engineer,3,Python,Cisco Certified,None,Become a Senior Engineer,Quantum Computing
Candidate_131,28,Male,Single,BSc,Computer Science,MIT,Cloud Computing,Project B,16,3,Data Scientist,30,C++,None,Best Intern Award,Become a Senior Engineer,Quantum Computing
Candidate_132,49,Female,Single,PhD,Mechanical Engineering,Stanford,Cybersecurity,Project A,30,18,Software Engineer,27,Java,None,Best Intern Award,Lead a Research Team,Blockchain
Candidate_133,40,Female,Single,BSc,Mechanical Engineering,Harvard,Cybersecurity,Project A,3,5,Software Engineer,3,Java,Cisco Certified,Employee of the Month,Pursue a PhD,Blockchain
Candidate_134,37,Female,Married,BSc,Computer Science,MIT,AI,Project B,27,14,Software Engineer,4,Java,Cisco Certified,Best Intern Award,Pursue a PhD,Blockchain
Candidate_135,25,Non-binary,Single,PhD,Mechanical Engineering,Stanford,Cybersecurity,Project A,6,21,Research Assistant,10,C++,None,None,Become a Senior Engineer,Machine Learning
Candidate_136,40,Male,Married,MSc,Computer Science,Harvard,Cloud Computing,Project B,45,17,Software Engineer,6,Java,AWS Certified,Employee of the Month,Pursue a PhD,Quantum Computing
Candidate_137,46,Non-binary,Married,BSc,Computer Science,MIT,Cloud Computing,Project A,28,16,Software Engineer,8,C++,None,Employee of the Month,Become a Senior Engineer,Machine Learning
Candidate_138,29,Male,Married,PhD,Mechanical Engineering,Harvard,Cloud Computing,Project C,21,16,Data Scientist,13,Java,Cisco Certified,Best Intern Award,Become a Senior Engineer,Quantum Computing
Candidate_139,42,Male,Married,BSc,Mechanical Engineering,Harvard,AI,Project B,47,4,Data Scientist,1,C++,None,Best Intern Award,Lead a Research Team,Machine Learning
Candidate_140,44,Female,Single,PhD,Mechanical Engineering,MIT,Cloud Computing,Project B,23,24,Research Assistant,29,Java,Cisco Certified,Employee of the Month,Pursue a PhD,Machine Learning
Candidate_141,30,Male,Single,BSc,Computer Science,Stanford,Cloud Computing,Project A,23,10,Research Assistant,26,Python,Cisco Certified,Employee of the Month,Pursue a PhD,Quantum Computing
Candidate_142,27,Female,Single,PhD,Computer Science,Harvard,AI,Project C,30,10,Data Scientist,12,Java,Cisco Certified,Employee of the Month,Become a Senior Engineer,Quantum Computing
Candidate_143,45,Male,Married,BSc,Computer Science,Harvard,Cloud Computing,Project C,26,19,Research Assistant,17,C++,AWS Certified,None,Lead a Research Team,Quantum Computing
Candidate_144,39,Non-binary,Single,MSc,Mechanical Engineering,Harvard,Cloud Computing,Project B,31,8,Research Assistant,12,C++,Cisco Certified,Best Intern Award,Pursue a PhD,Blockchain
Candidate_145,45,Female,Single,BSc,Computer Science,Harvard,Cybersecurity,Project B,19,27,Data Scientist,11,Java,Cisco Certified,None,Pursue a PhD,Blockchain
Candidate_146,40,Female,Married,BSc,Electrical Engineering,Harvard,AI,Project C,31,30,Software Engineer,26,Python,AWS Certified,Employee of the Month,Become a Senior Engineer,Blockchain
Candidate_147,27,Female,Married,BSc,Computer Science,MIT,AI,Project A,23,25,Research Assistant,15,C++,None,Employee of the Month,Become a Senior Engineer,Blockchain
Candidate_148,26,Female,Single,BSc,Electrical Engineering,Stanford,Cybersecurity,Project B,17,8,Research Assistant,30,Java,AWS Certified,Best Intern Award,Pursue a PhD,Quantum Computing
Candidate_149,29,Non-binary,Single,PhD,Mechanical Engineering,Harvard,AI,Project C,24,5,Research Assistant,26,Python,AWS Certified,Employee of the Month,Pursue a PhD,Quantum Computing
Candidate_150,48,Non-binary,Single,PhD,Electrical Engineering,Harvard,Cloud Computing,Project B,27,11,Research Assistant,13,C++,None,None,Lead a Research Team,Quantum Computing
Candidate_151,30,Non-binary,Single,BSc,Mechanical Engineering,Harvard,Cybersecurity,Project C,49,4,Software Engineer,1,Python,Cisco Certified,None,Pursue a PhD,Blockchain
Candidate_152,46,Female,Single,PhD,Electrical Engineering,MIT,Cloud Computing,Project B,20,1,Research Assistant,27,Python,AWS Certified,Employee of the Month,Lead a Research Team,Machine Learning
Candidate_153,35,Non-binary,Married,MSc,Computer Science,Stanford,Cybersecurity,Project B,3,27,Data Scientist,30,C++,None,Employee of the Month,Pursue a PhD,Blockchain
Candidate_154,46,Male,Single,BSc,Electrical Engineering,MIT,Cloud Computing,Project B,24,25,Data Scientist,5,C++,None,Best Intern Award,Pursue a PhD,Blockchain
Candidate_155,25,Non-binary,Married,MSc,Mechanical Engineering,Harvard,Cloud Computing,Project C,3,25,Research Assistant,7,Java,None,None,Pursue a PhD,Machine Learning
Candidate_156,46,Non-binary,Married,BSc,Electrical Engineering,MIT,Cybersecurity,Project B,14,15,Software Engineer,18,C++,None,None,Pursue a PhD,Machine Learning
Candidate_157,47,Non-binary,Single,MSc,Computer Science,MIT,Cloud Computing,Project B,1,3,Data Scientist,12,C++,AWS Certified,Best Intern Award,Pursue a PhD,Quantum Computing
Candidate_158,47,Female,Single,PhD,Electrical Engineering,Harvard,Cybersecurity,Project B,1,7,Software Engineer,10,Java,None,Employee of the Month,Become a Senior Engineer,Blockchain
Candidate_159,34,Female,Married,MSc,Electrical Engineering,MIT,Cybersecurity,Project C,21,17,Software Engineer,26,C++,Cisco Certified,Employee of the Month,Pursue a PhD,Machine Learning
Candidate_160,45,Non-binary,Married,MSc,Computer Science,Stanford,Cloud Computing,Project A,38,11,Software Engineer,18,Python,None,Employee of the Month,Pursue a PhD,Machine Learning
Candidate_161,47,Male,Single,BSc,Computer Science,Stanford,Cybersecurity,Project A,16,10,Software Engineer,29,Java,Cisco Certified,None,Pursue a PhD,Quantum Computing
Candidate_162,45,Female,Married,MSc,Computer Science,Stanford,Cybersecurity,Project B,6,21,Software Engineer,24,C++,None,Best Intern Award,Pursue a PhD,Blockchain
Candidate_163,25,Female,Single,MSc,Computer Science,Harvard,Cybersecurity,Project C,28,1,Software Engineer,3,C++,Cisco Certified,Best Intern Award,Lead a Research Team,Quantum Computing
Candidate_164,33,Male,Married,PhD,Electrical Engineering,MIT,AI,Project C,25,2,Data Scientist,30,Java,AWS Certified,None,Become a Senior Engineer,Quantum Computing
Candidate_165,48,Non-binary,Married,BSc,Computer Science,Harvard,AI,Project C,20,1,Research Assistant,18,Java,None,Employee of the Month,Lead a Research Team,Quantum Computing
Candidate_166,24,Female,Married,MSc,Mechanical Engineering,Harvard,AI,Project A,21,28,Data Scientist,4,Python,None,Best Intern Award,Become a Senior Engineer,Machine Learning
Candidate_167,24,Non-binary,Single,BSc,Computer Science,MIT,Cloud Computing,Project A,1,8,Research Assistant,29,Java,Cisco Certified,Best Intern Award,Pursue a PhD,Blockchain
Candidate_168,39,Male,Married,MSc,Electrical Engineering,Stanford,AI,Project A,8,16,Data Scientist,22,Python,None,Best Intern Award,Lead a Research Team,Quantum Computing
Candidate_169,25,Male,Married,BSc,Electrical Engineering,Stanford,Cloud Computing,Project C,32,5,Data Scientist,3,Python,Cisco Certified,None,Pursue a PhD,Quantum Computing
Candidate_170,40,Male,Married,BSc,Mechanical Engineering,MIT,Cloud Computing,Project A,22,19,Software Engineer,14,Python,Cisco Certified,Best Intern Award,Lead a Research Team,Machine Learning
Candidate_171,48,Male,Single,BSc,Mechanical Engineering,Stanford,Cybersecurity,Project C,23,2,Research Assistant,3,Java,AWS Certified,Employee of the Month,Pursue a PhD,Quantum Computing
Candidate_172,48,Male,Married,MSc,Computer Science,Stanford,AI,Project B,36,28,Research Assistant,14,Java,None,None,Lead a Research Team,Quantum Computing
Candidate_173,32,Non-binary,Single,PhD,Electrical Engineering,Harvard,AI,Project C,25,3,Software Engineer,5,Python,None,Best Intern Award,Pursue a PhD,Quantum Computing
Candidate_174,30,Female,Married,MSc,Computer Science,Harvard,Cloud Computing,Project B,21,1,Software Engineer,8,Python,None,Employee of the Month,Pursue a PhD,Blockchain
Candidate_175,33,Female,Single,PhD,Electrical Engineering,Harvard,Cloud Computing,Project A,48,25,Research Assistant,1,C++,AWS Certified,None,Become a Senior Engineer,Machine Learning
Candidate_176,28,Male,Married,MSc,Mechanical Engineering,Stanford,Cybersecurity,Project B,26,27,Data Scientist,10,Java,AWS Certified,None,Become a Senior Engineer,Blockchain
Candidate_177,33,Female,Single,MSc,Electrical Engineering,MIT,AI,Project A,46,2,Data Scientist,19,C++,Cisco Certified,Best Intern Award,Pursue a PhD,Blockchain
Candidate_178,29,Non-binary,Married,BSc,Mechanical Engineering,Stanford,Cloud Computing,Project A,31,20,Software Engineer,6,Java,None,Employee of the Month,Become a Senior Engineer,Machine Learning
Candidate_179,38,Non-binary,Single,BSc,Mechanical Engineering,MIT,Cloud Computing,Project A,17,28,Research Assistant,26,Java,None,Best Intern Award,Lead a Research Team,Blockchain
Candidate_180,33,Female,Single,BSc,Mechanical Engineering,MIT,Cloud Computing,Project C,2,25,Research Assistant,23,Java,AWS Certified,Employee of the Month,Lead a Research Team,Quantum Computing
Candidate_181,23,Female,Single,BSc,Mechanical Engineering,Harvard,Cloud Computing,Project B,2,18,Data Scientist,26,C++,None,None,Become a Senior Engineer,Machine Learning
Candidate_182,34,Female,Single,PhD,Mechanical Engineering,Harvard,Cybersecurity,Project B,25,22,Data Scientist,20,Java,None,Employee of the Month,Become a Senior Engineer,Quantum Computing
Candidate_183,50,Female,Married,BSc,Computer Science,Harvard,Cybersecurity,Project B,9,30,Research Assistant,20,Java,Cisco Certified,Employee of the Month,Pursue a PhD,Quantum Computing
Candidate_184,43,Male,Single,BSc,Mechanical Engineering,MIT,AI,Project A,10,18,Software Engineer,4,C++,None,Employee of the Month,Become a Senior Engineer,Quantum Computing
Candidate_185,41,Female,Single,BSc,Computer Science,Stanford,AI,Project A,19,7,Research Assistant,1,Python,None,Employee of the Month,Lead a Research Team,Blockchain
Candidate_186,31,Female,Single,BSc,Computer Science,Harvard,Cybersecurity,Project A,1,7,Software Engineer,22,Python,None,Employee of the Month,Become a Senior Engineer,Machine Learning
Candidate_187,33,Female,Single,PhD,Computer Science,Harvard,AI,Project A,8,5,Data Scientist,23,C++,Cisco Certified,None,Pursue a PhD,Quantum Computing
Candidate_188,30,Female,Single,MSc,Mechanical Engineering,Harvard,AI,Project B,46,13,Research Assistant,15,Java,None,Best Intern Award,Pursue a PhD,Machine Learning
Candidate_189,35,Non-binary,Single,BSc,Mechanical Engineering,Stanford,Cloud Computing,Project A,9,22,Research Assistant,9,Java,Cisco Certified,Best Intern Award,Pursue a PhD,Blockchain
Candidate_190,45,Female,Married,MSc,Computer Science,Harvard,AI,Project A,33,16,Software Engineer,23,Java,AWS Certified,None,Become a Senior Engineer,Blockchain
Candidate_191,31,Female,Married,BSc,Computer Science,Harvard,Cloud Computing,Project B,10,7,Data Scientist,25,C++,Cisco Certified,Employee of the Month,Become a Senior Engineer,Quantum Computing
Candidate_192,37,Non-binary,Single,MSc,Electrical Engineering,MIT,Cybersecurity,Project A,4,3,Data Scientist,29,Python,Cisco Certified,Best Intern Award,Become a Senior Engineer,Blockchain
Candidate_193,47,Male,Married,PhD,Mechanical Engineering,Harvard,Cybersecurity,Project A,15,12,Software Engineer,20,Java,AWS Certified,None,Become a Senior Engineer,Machine Learning
Candidate_194,43,Male,Single,PhD,Electrical Engineering,MIT,Cloud Computing,Project C,8,19,Software Engineer,8,Java,AWS Certified,Employee of the Month,Become a Senior Engineer,Blockchain
Candidate_195,36,Female,Married,BSc,Electrical Engineering,MIT,Cybersecurity,Project A,33,29,Research Assistant,4,Java,AWS Certified,None,Pursue a PhD,Quantum Computing
Candidate_196,40,Female,Single,BSc,Mechanical Engineering,MIT,Cloud Computing,Project B,34,1,Software Engineer,10,Python,AWS Certified,Employee of the Month,Become a Senior Engineer,Machine Learning
Candidate_197,46,Non-binary,Married,MSc,Electrical Engineering,MIT,Cloud Computing,Project B,49,20,Data Scientist,27,Python,None,Employee of the Month,Lead a Research Team,Quantum Computing
Candidate_198,49,Non-binary,Single,MSc,Computer Science,Stanford,Cybersecurity,Project C,12,11,Research Assistant,10,Python,Cisco Certified,None,Become a Senior Engineer,Machine Learning
Candidate_199,30,Non-binary,Single,PhD,Mechanical Engineering,Stanford,AI,Project C,26,30,Data Scientist,26,Java,Cisco Certified,None,Become a Senior Engineer,Quantum Computing
Candidate_200,34,Female,Single,PhD,Electrical Engineering,Harvard,Cybersecurity,Project B,41,7,Data Scientist,30,C++,AWS Certified,Employee of the Month,Pursue a PhD,Blockchain
Candidate_201,29,Female,Single,MSc,Mechanical Engineering,MIT,Cybersecurity,Project A,0,22,Data Scientist,25,Java,None,Best Intern Award,Pursue a PhD,Machine Learning
Candidate_202,46,Non-binary,Married,MSc,Mechanical Engineering,MIT,Cloud Computing,Project C,27,27,Research Assistant,11,Java,Cisco Certified,None,Become a Senior Engineer,Machine Learning
Candidate_203,46,Male,Married,MSc,Electrical Engineering,Harvard,Cloud Computing,Project B,50,13,Software Engineer,22,Java,Cisco Certified,None,Lead a Research Team,Quantum Computing
Candidate_204,26,Female,Married,BSc,Electrical Engineering,MIT,Cybersecurity,Project B,7,11,Research Assistant,9,Java,AWS Certified,None,Pursue a PhD,Machine Learning
Candidate_205,33,Female,Married,MSc,Mechanical Engineering,Stanford,Cloud Computing,Project A,44,25,Data Scientist,18,Java,None,Best Intern Award,Become a Senior Engineer,Blockchain
Candidate_206,42,Male,Married,MSc,Mechanical Engineering,Harvard,AI,Project A,27,30,Software Engineer,11,Python,Cisco Certified,None,Lead a Research Team,Blockchain
Candidate_207,40,Non-binary,Married,MSc,Computer Science,MIT,Cloud Computing,Project C,41,18,Data Scientist,11,Python,None,None,Pursue a PhD,Machine Learning
Candidate_208,41,Male,Single,MSc,Mechanical Engineering,Stanford,Cloud Computing,Project B,43,13,Data Scientist,26,Java,AWS Certified,Employee of the Month,Become a Senior Engineer,Machine Learning
Candidate_209,29,Male,Single,PhD,Mechanical Engineering,Stanford,Cloud Computing,Project B,7,29,Research Assistant,24,Java,Cisco Certified,None,Pursue a PhD,Quantum Computing
Candidate_210,30,Female,Single,MSc,Electrical Engineering,Stanford,Cloud Computing,Project C,8,25,Data Scientist,5,C++,None,Employee of the Month,Pursue a PhD,Quantum Computing
Candidate_211,31,Non-binary,Married,BSc,Computer Science,Harvard,Cybersecurity,Project A,48,20,Data Scientist,20,Python,AWS Certified,Employee of the Month,Pursue a PhD,Quantum Computing
Candidate_212,47,Non-binary,Single,BSc,Electrical Engineering,Stanford,Cloud Computing,Project B,12,23,Data Scientist,28,Python,AWS Certified,Best Intern Award,Become a Senior Engineer,Machine Learning
Candidate_213,33,Non-binary,Married,MSc,Electrical Engineering,Harvard,Cloud Computing,Project C,25,6,Software Engineer,3,Python,AWS Certified,Employee of the Month,Lead a Research Team,Quantum Computing
Candidate_214,40,Non-binary,Single,BSc,Mechanical Engineering,Stanford,Cybersecurity,Project A,29,14,Data Scientist,12,C++,AWS Certified,None,Pursue a PhD,Blockchain
Candidate_215,24,Male,Single,PhD,Electrical Engineering,Harvard,Cloud Computing,Project A,44,18,Data Scientist,23,Java,Cisco Certified,Best Intern Award,Pursue a PhD,Quantum Computing
Candidate_216,28,Male,Single,PhD,Computer Science,Harvard,Cybersecurity,Project A,28,5,Research Assistant,8,Python,None,None,Lead a Research Team,Blockchain
Candidate_217,50,Male,Married,BSc,Computer Science,Stanford,Cloud Computing,Project C,41,20,Data Scientist,15,Java,None,None,Become a Senior Engineer,Blockchain
Candidate_218,42,Female,Single,MSc,Electrical Engineering,Harvard,Cybersecurity,Project B,4,28,Research Assistant,13,Java,None,None,Pursue a PhD,Machine Learning
Candidate_219,41,Female,Single,BSc,Computer Science,Stanford,Cloud Computing,Project B,46,7,Research Assistant,9,C++,None,Employee of the Month,Lead a Research Team,Quantum Computing
Candidate_220,26,Female,Single,BSc,Mechanical Engineering,MIT,Cloud Computing,Project B,6,22,Research Assistant,24,Python,Cisco Certified,Best Intern Award,Lead a Research Team,Machine Learning
Candidate_221,43,Female,Married,PhD,Electrical Engineering,MIT,AI,Project A,37,7,Research Assistant,2,Python,None,Employee of the Month,Lead a Research Team,Blockchain
Candidate_222,44,Female,Married,PhD,Electrical Engineering,Stanford,AI,Project A,35,12,Software Engineer,12,Python,Cisco Certified,None,Lead a Research Team,Blockchain
Candidate_223,48,Non-binary,Single,PhD,Electrical Engineering,MIT,Cloud Computing,Project A,24,29,Software Engineer,5,C++,None,Employee of the Month,Pursue a PhD,Blockchain
Candidate_224,31,Male,Married,BSc,Mechanical Engineering,MIT,Cloud Computing,Project A,6,26,Data Scientist,25,Python,AWS Certified,Employee of the Month,Lead a Research Team,Machine Learning
Candidate_225,33,Male,Single,PhD,Mechanical Engineering,Harvard,Cybersecurity,Project A,46,11,Research Assistant,13,Java,AWS Certified,Employee of the Month,Become a Senior Engineer,Machine Learning
Candidate_226,40,Male,Single,MSc,Electrical Engineering,Harvard,Cloud Computing,Project C,6,10,Software Engineer,13,Python,AWS Certified,None,Pursue a PhD,Quantum Computing
Candidate_227,50,Female,Married,MSc,Computer Science,Harvard,Cybersecurity,Project C,42,2,Research Assistant,8,Python,Cisco Certified,None,Pursue a PhD,Blockchain
Candidate_228,40,Female,Single,PhD,Mechanical Engineering,Stanford,AI,Project C,36,26,Data Scientist,27,Java,AWS Certified,Employee of the Month,Lead a Research Team,Blockchain
Candidate_229,32,Male,Single,BSc,Mechanical Engineering,MIT,Cloud Computing,Project B,33,9,Software Engineer,21,C++,None,None,Pursue a PhD,Blockchain
Candidate_230,44,Female,Married,PhD,Mechanical Engineering,MIT,Cybersecurity,Project A,30,14,Data Scientist,1,C++,AWS Certified,Best Intern Award,Lead a Research Team,Quantum Computing
Candidate_231,30,Non-binary,Single,BSc,Computer Science,Stanford,Cloud Computing,Project B,12,26,Research Assistant,18,C++,AWS Certified,Employee of the Month,Lead a Research Team,Machine Learning
Candidate_232,38,Male,Single,MSc,Computer Science,MIT,Cybersecurity,Project B,42,1,Software Engineer,23,Java,Cisco Certified,Best Intern Award,Pursue a PhD,Machine Learning
Candidate_233,23,Non-binary,Married,MSc,Computer Science,Stanford,Cybersecurity,Project C,3,20,Research Assistant,28,Java,None,Employee of the Month,Become a Senior Engineer,Blockchain
Candidate_234,39,Female,Single,MSc,Mechanical Engineering,Stanford,AI,Project B,28,26,Research Assistant,22,C++,None,Employee of the Month,Become a Senior Engineer,Blockchain
Candidate_235,39,Male,Single,MSc,Mechanical Engineering,Harvard,Cloud Computing,Project B,20,23,Data Scientist,1,C++,None,Best Intern Award,Lead a Research Team,Blockchain
Candidate_236,50,Female,Married,BSc,Mechanical Engineering,MIT,AI,Project A,16,21,Data Scientist,13,Java,Cisco Certified,Best Intern Award,Become a Senior Engineer,Blockchain
Candidate_237,40,Male,Single,MSc,Mechanical Engineering,MIT,Cybersecurity,Project A,4,30,Data Scientist,12,C++,AWS Certified,Best Intern Award,Pursue a PhD,Blockchain
Candidate_238,26,Female,Married,BSc,Mechanical Engineering,Harvard,Cloud Computing,Project A,41,26,Research Assistant,29,Python,None,None,Become a Senior Engineer,Quantum Computing
Candidate_239,29,Non-binary,Married,PhD,Electrical Engineering,Harvard,AI,Project B,23,18,Software Engineer,24,Python,Cisco Certified,None,Lead a Research Team,Blockchain
Candidate_240,29,Female,Single,PhD,Computer Science,Harvard,Cybersecurity,Project C,16,4,Research Assistant,23,C++,None,Best Intern Award,Become a Senior Engineer,Machine Learning
Candidate_241,30,Male,Married,BSc,Electrical Engineering,Stanford,Cloud Computing,Project A,46,26,Software Engineer,8,Python,AWS Certified,Best Intern Award,Lead a Research Team,Blockchain
Candidate_242,39,Female,Married,PhD,Computer Science,MIT,Cloud Computing,Project C,50,19,Data Scientist,8,Java,Cisco Certified,Employee of the Month,Lead a Research Team,Machine Learning
Candidate_243,33,Male,Married,BSc,Electrical Engineering,Harvard,Cloud Computing,Project C,48,28,Software Engineer,28,C++,None,Best Intern Award,Lead a Research Team,Blockchain
Candidate_244,28,Female,Married,MSc,Electrical Engineering,Stanford,Cloud Computing,Project C,0,21,Data Scientist,8,Java,Cisco Certified,Best Intern Award,Become a Senior Engineer,Blockchain
Candidate_245,39,Non-binary,Married,BSc,Electrical Engineering,MIT,Cloud Computing,Project A,47,12,Data Scientist,23,C++,AWS Certified,Employee of the Month,Lead a Research Team,Quantum Computing
Candidate_246,39,Female,Married,BSc,Mechanical Engineering,Harvard,Cybersecurity,Project C,21,22,Data Scientist,27,C++,AWS Certified,Employee of the Month,Pursue a PhD,Machine Learning
Candidate_247,31,Male,Married,BSc,Mechanical Engineering,Stanford,Cloud Computing,Project B,45,25,Software Engineer,10,C++,None,None,Pursue a PhD,Machine Learning
Candidate_248,25,Female,Single,MSc,Computer Science,Stanford,AI,Project A,28,12,Data Scientist,1,Python,None,Employee of the Month,Lead a Research Team,Quantum Computing
Candidate_249,41,Non-binary,Single,BSc,Mechanical Engineering,MIT,Cybersecurity,Project A,4,14,Software Engineer,29,Java,AWS Certified,None,Lead a Research Team,Quantum Computing
Candidate_250,46,Non-binary,Single,BSc,Electrical Engineering,Stanford,Cybersecurity,Project C,25,14,Data Scientist,28,C++,Cisco Certified,Best Intern Award,Lead a Research Team,Machine Learning
Candidate_251,44,Male,Single,BSc,Mechanical Engineering,MIT,Cybersecurity,Project C,19,26,Software Engineer,11,Java,Cisco Certified,Employee of the Month,Pursue a PhD,Quantum Computing
Candidate_252,22,Female,Single,BSc,Computer Science,Stanford,Cloud Computing,Project B,8,29,Data Scientist,19,Java,Cisco Certified,Best Intern Award,Lead a Research Team,Machine Learning
Candidate_253,49,Non-binary,Single,PhD,Computer Science,MIT,Cloud Computing,Project C,13,12,Research Assistant,25,Python,None,Best Intern Award,Lead a Research Team,Blockchain
Candidate_254,38,Female,Married,BSc,Computer Science,MIT,Cybersecurity,Project C,10,22,Data Scientist,26,Java,Cisco Certified,Best Intern Award,Lead a Research Team,Machine Learning
Candidate_255,33,Female,Married,PhD,Mechanical Engineering,Harvard,Cybersecurity,Project A,6,12,Research Assistant,20,Python,AWS Certified,Employee of the Month,Lead a Research Team,Quantum Computing
Candidate_256,28,Non-binary,Single,PhD,Mechanical Engineering,Harvard,Cybersecurity,Project B,16,3,Data Scientist,26,Java,None,None,Lead a Research Team,Blockchain
Candidate_257,38,Male,Married,MSc,Mechanical Engineering,Stanford,Cybersecurity,Project A,0,9,Data Scientist,11,Java,None,Employee of the Month,Pursue a PhD,Blockchain
Candidate_258,29,Female,Married,MSc,Electrical Engineering,Stanford,Cloud Computing,Project A,18,2,Data Scientist,7,Python,Cisco Certified,Best Intern Award,Become a Senior Engineer,Blockchain
Candidate_259,49,Male,Married,PhD,Electrical Engineering,Harvard,Cloud Computing,Project B,40,9,Software Engineer,13,Python,AWS Certified,Best Intern Award,Become a Senior Engineer,Machine Learning
Candidate_260,48,Non-binary,Single,PhD,Mechanical Engineering,Stanford,Cloud Computing,Project A,20,17,Research Assistant,23,Python,None,Best Intern Award,Become a Senior Engineer,Quantum Computing
Candidate_261,27,Non-binary,Single,MSc,Mechanical Engineering,MIT,Cloud Computing,Project C,14,7,Research Assistant,10,Python,Cisco Certified,Best Intern Award,Become a Senior Engineer,Blockchain
Candidate_262,46,Female,Single,PhD,Mechanical Engineering,Stanford,Cybersecurity,Project A,38,6,Software Engineer,1,C++,None,Employee of the Month,Pursue a PhD,Quantum Computing
Candidate_263,33,Male,Single,PhD,Mechanical Engineering,Harvard,AI,Project A,1,14,Data Scientist,14,Python,AWS Certified,Best Intern Award,Lead a Research Team,Machine Learning
Candidate_264,48,Male,Married,PhD,Mechanical Engineering,Stanford,Cloud Computing,Project C,43,20,Research Assistant,15,C++,None,Best Intern Award,Pursue a PhD,Blockchain
Candidate_265,37,Male,Single,PhD,Electrical Engineering,Harvard,Cybersecurity,Project B,40,1,Research Assistant,13,Java,Cisco Certified,None,Lead a Research Team,Machine Learning
Candidate_266,46,Non-binary,Married,PhD,Electrical Engineering,Stanford,AI,Project A,13,23,Research Assistant,8,Java,None,Best Intern Award,Become a Senior Engineer,Quantum Computing
Candidate_267,46,Female,Single,BSc,Electrical Engineering,MIT,AI,Project A,11,16,Data Scientist,28,Python,None,None,Become a Senior Engineer,Machine Learning
Candidate_268,43,Non-binary,Single,MSc,Mechanical Engineering,Stanford,Cloud Computing,Project C,20,29,Research Assistant,26,C++,Cisco Certified,Employee of the Month,Pursue a PhD,Blockchain
Candidate_269,34,Male,Married,MSc,Computer Science,MIT,Cybersecurity,Project C,50,14,Data Scientist,2,Java,None,None,Become a Senior Engineer,Quantum Computing
Candidate_270,27,Male,Single,MSc,Computer Science,Stanford,Cybersecurity,Project C,4,5,Data Scientist,2,Java,AWS Certified,None,Become a Senior Engineer,Blockchain
Candidate_271,46,Non-binary,Single,BSc,Electrical Engineering,Harvard,Cloud Computing,Project C,29,2,Software Engineer,28,C++,None,None,Become a Senior Engineer,Quantum Computing
Candidate_272,22,Male,Single,PhD,Mechanical Engineering,MIT,Cloud Computing,Project C,5,25,Software Engineer,14,Java,Cisco Certified,Employee of the Month,Pursue a PhD,Machine Learning
Candidate_273,47,Female,Married,MSc,Mechanical Engineering,MIT,Cloud Computing,Project B,34,6,Data Scientist,8,Java,AWS Certified,Employee of the Month,Lead a Research Team,Machine Learning
Candidate_274,32,Female,Married,MSc,Electrical Engineering,Stanford,Cybersecurity,Project C,24,27,Research Assistant,19,C++,AWS Certified,None,Become a Senior Engineer,Machine Learning
Candidate_275,44,Non-binary,Married,PhD,Mechanical Engineering,Stanford,Cybersecurity,Project B,3,13,Research Assistant,24,C++,AWS Certified,Best Intern Award,Lead a Research Team,Blockchain
Candidate_276,26,Male,Single,BSc,Electrical Engineering,MIT,AI,Project B,46,28,Software Engineer,10,Python,AWS Certified,Employee of the Month,Become a Senior Engineer,Quantum Computing
Candidate_277,28,Female,Single,BSc,Mechanical Engineering,MIT,Cybersecurity,Project A,47,24,Research Assistant,2,Java,AWS Certified,Best Intern Award,Lead a Research Team,Machine Learning
Candidate_278,36,Male,Single,MSc,Electrical Engineering,Stanford,Cybersecurity,Project C,9,26,Research Assistant,18,Java,Cisco Certified,None,Lead a Research Team,Machine Learning
Candidate_279,25,Female,Single,MSc,Mechanical Engineering,MIT,Cybersecurity,Project C,9,12,Research Assistant,15,Python,None,Best Intern Award,Become a Senior Engineer,Blockchain
Candidate_280,32,Female,Single,PhD,Mechanical Engineering,Stanford,Cybersecurity,Project A,17,25,Research Assistant,25,Python,Cisco Certified,Employee of the Month,Pursue a PhD,Machine Learning
Candidate_281,48,Non-binary,Married,PhD,Electrical Engineering,MIT,AI,Project A,31,29,Software Engineer,28,Java,Cisco Certified,Employee of the Month,Become a Senior Engineer,Machine Learning
Candidate_282,35,Non-binary,Single,BSc,Mechanical Engineering,Harvard,Cloud Computing,Project C,12,23,Research Assistant,12,C++,None,None,Become a Senior Engineer,Machine Learning
Candidate_283,39,Female,Single,PhD,Electrical Engineering,Harvard,Cybersecurity,Project C,17,1,Research Assistant,30,Python,AWS Certified,Best Intern Award,Lead a Research Team,Machine Learning
Candidate_284,37,Female,Single,MSc,Computer Science,Harvard,AI,Project B,27,16,Research Assistant,16,C++,None,None,Become a Senior Engineer,Machine Learning
Candidate_285,29,Female,Married,PhD,Computer Science,MIT,AI,Project C,11,11,Data Scientist,27,Java,Cisco Certified,Employee of the Month,Pursue a PhD,Quantum Computing
Candidate_286,50,Female,Married,MSc,Mechanical Engineering,Stanford,Cybersecurity,Project B,33,28,Research Assistant,3,Python,None,Best Intern Award,Become a Senior Engineer,Machine Learning
Candidate_287,48,Male,Single,BSc,Electrical Engineering,MIT,Cybersecurity,Project A,6,26,Data Scientist,10,Java,AWS Certified,Employee of the Month,Pursue a PhD,Machine Learning
Candidate_288,33,Female,Married,PhD,Electrical Engineering,Harvard,Cloud Computing,Project A,34,19,Software Engineer,6,C++,Cisco Certified,Employee of the Month,Become a Senior Engineer,Blockchain
Candidate_289,39,Male,Married,MSc,Mechanical Engineering,Harvard,AI,Project A,22,14,Data Scientist,12,Java,Cisco Certified,Employee of the Month,Lead a Research Team,Quantum Computing
Candidate_290,33,Male,Married,MSc,Computer Science,Harvard,AI,Project C,13,21,Data Scientist,7,Java,Cisco Certified,Employee of the Month,Become a Senior Engineer,Blockchain
Candidate_291,30,Female,Married,PhD,Computer Science,Harvard,Cloud Computing,Project C,29,22,Software Engineer,27,C++,None,None,Lead a Research Team,Machine Learning
Candidate_292,32,Female,Married,PhD,Mechanical Engineering,Harvard,AI,Project C,36,4,Software Engineer,24,Python,Cisco Certified,Employee of the Month,Lead a Research Team,Machine Learning
Candidate_293,43,Female,Married,BSc,Computer Science,Stanford,AI,Project B,5,23,Research Assistant,24,Python,AWS Certified,None,Become a Senior Engineer,Quantum Computing
Candidate_294,47,Female,Married,PhD,Mechanical Engineering,Stanford,Cloud Computing,Project B,25,13,Software Engineer,25,Java,Cisco Certified,Employee of the Month,Become a Senior Engineer,Blockchain
Candidate_295,35,Male,Married,BSc,Mechanical Engineering,Stanford,Cloud Computing,Project A,43,9,Research Assistant,3,Python,None,None,Lead a Research Team,Machine Learning
Candidate_296,45,Female,Married,PhD,Electrical Engineering,MIT,Cloud Computing,Project A,24,21,Data Scientist,26,Python,None,Best Intern Award,Pursue a PhD,Blockchain
Candidate_297,31,Female,Single,PhD,Electrical Engineering,MIT,Cybersecurity,Project C,1,18,Software Engineer,11,Python,AWS Certified,Employee of the Month,Lead a Research Team,Machine Learning
Candidate_298,33,Male,Married,MSc,Electrical Engineering,Harvard,AI,Project B,0,13,Data Scientist,28,Java,AWS Certified,None,Lead a Research Team,Quantum Computing
Candidate_299,46,Non-binary,Single,BSc,Electrical Engineering,MIT,Cybersecurity,Project A,9,20,Research Assistant,6,Java,Cisco Certified,None,Become a Senior Engineer,Blockchain
Candidate_300,29,Female,Married,PhD,Electrical Engineering,Stanford,AI,Project A,44,20,Data Scientist,28,C++,Cisco Certified,None,Pursue a PhD,Quantum Computing
Candidate_301,36,Non-binary,Married,MSc,Electrical Engineering,MIT,Cloud Computing,Project C,34,19,Data Scientist,7,Java,AWS Certified,Best Intern Award,Pursue a PhD,Machine Learning
Candidate_302,44,Female,Married,BSc,Electrical Engineering,Stanford,Cybersecurity,Project C,3,23,Research Assistant,15,Java,AWS Certified,None,Become a Senior Engineer,Quantum Computing
Candidate_303,25,Non-binary,Single,MSc,Computer Science,MIT,Cloud Computing,Project B,16,8,Software Engineer,23,Python,Cisco Certified,Best Intern Award,Lead a Research Team,Blockchain
Candidate_304,30,Male,Married,PhD,Computer Science,Stanford,Cybersecurity,Project A,47,18,Data Scientist,19,C++,Cisco Certified,None,Pursue a PhD,Blockchain
Candidate_305,37,Non-binary,Single,MSc,Electrical Engineering,Stanford,AI,Project C,11,14,Software Engineer,25,C++,None,Employee of the Month,Become a Senior Engineer,Quantum Computing
Candidate_306,22,Male,Married,PhD,Electrical Engineering,Harvard,Cybersecurity,Project A,39,1,Research Assistant,26,Python,None,Best Intern Award,Pursue a PhD,Quantum Computing
Candidate_307,30,Male,Single,BSc,Computer Science,Harvard,Cybersecurity,Project C,11,19,Research Assistant,3,Python,Cisco Certified,None,Pursue a PhD,Machine Learning
Candidate_308,22,Male,Married,PhD,Mechanical Engineering,Harvard,Cybersecurity,Project C,16,19,Software Engineer,18,Java,AWS Certified,None,Pursue a PhD,Machine Learning
Candidate_309,26,Male,Single,BSc,Electrical Engineering,Stanford,Cloud Computing,Project C,1,14,Research Assistant,21,Python,None,Employee of the Month,Pursue a PhD,Blockchain
Candidate_310,44,Non-binary,Single,MSc,Electrical Engineering,Stanford,Cybersecurity,Project C,17,18,Data Scientist,19,Java,None,Best Intern Award,Pursue a PhD,Machine Learning
Candidate_311,32,Non-binary,Married,MSc,Computer Science,Harvard,AI,Project A,8,2,Research Assistant,6,C++,AWS Certified,Employee of the Month,Pursue a PhD,Blockchain
Candidate_312,45,Non-binary,Single,PhD,Mechanical Engineering,MIT,Cybersecurity,Project C,6,26,Software Engineer,13,Python,None,Best Intern Award,Become a Senior Engineer,Blockchain
Candidate_313,48,Male,Married,BSc,Computer Science,MIT,Cloud Computing,Project B,33,26,Research Assistant,2,C++,None,Employee of the Month,Lead a Research Team,Quantum Computing
Candidate_314,29,Male,Single,PhD,Computer Science,MIT,AI,Project C,23,21,Software Engineer,30,C++,Cisco Certified,Best Intern Award,Become a Senior Engineer,Quantum Computing
Candidate_315,30,Non-binary,Single,MSc,Mechanical Engineering,Stanford,Cybersecurity,Project A,0,5,Data Scientist,18,C++,Cisco Certified,Best Intern Award,Pursue a PhD,Quantum Computing
Candidate_316,33,Male,Single,MSc,Electrical Engineering,Harvard,Cybersecurity,Project B,8,9,Software Engineer,17,C++,Cisco Certified,Best Intern Award,Pursue a PhD,Machine Learning
Candidate_317,33,Male,Single,BSc,Mechanical Engineering,Stanford,Cloud Computing,Project C,31,26,Software Engineer,9,Python,Cisco Certified,Best Intern Award,Lead a Research Team,Machine Learning
Candidate_318,37,Non-binary,Single,BSc,Electrical Engineering,MIT,Cloud Computing,Project A,19,7,Research Assistant,12,Java,Cisco Certified,Employee of the Month,Lead a Research Team,Machine Learning
Candidate_319,29,Non-binary,Single,PhD,Mechanical Engineering,MIT,Cloud Computing,Project A,41,11,Software Engineer,19,Python,AWS Certified,None,Become a Senior Engineer,Blockchain
Candidate_320,35,Non-binary,Married,MSc,Electrical Engineering,MIT,Cybersecurity,Project C,32,26,Software Engineer,6,Java,AWS Certified,None,Become a Senior Engineer,Quantum Computing
Candidate_321,28,Male,Single,MSc,Electrical Engineering,Harvard,AI,Project B,7,3,Software Engineer,14,C++,AWS Certified,Best Intern Award,Lead a Research Team,Blockchain
Candidate_322,31,Non-binary,Married,PhD,Electrical Engineering,Harvard,AI,Project B,4,24,Data Scientist,8,Python,AWS Certified,Employee of the Month,Pursue a PhD,Quantum Computing
Candidate_323,31,Female,Married,MSc,Mechanical Engineering,MIT,Cybersecurity,Project C,38,4,Research Assistant,28,Java,None,Best Intern Award,Become a Senior Engineer,Blockchain
Candidate_324,44,Female,Married,BSc,Computer Science,Harvard,Cloud Computing,Project B,26,5,Research Assistant,19,Python,None,Employee of the Month,Pursue a PhD,Blockchain
Candidate_325,45,Male,Married,MSc,Electrical Engineering,MIT,AI,Project C,49,6,Data Scientist,25,Python,Cisco Certified,Employee of the Month,Lead a Research Team,Machine Learning
Candidate_326,50,Male,Married,PhD,Computer Science,Harvard,AI,Project A,44,6,Research Assistant,4,Java,Cisco Certified,None,Pursue a PhD,Quantum Computing
Candidate_327,36,Male,Married,BSc,Electrical Engineering,MIT,Cloud Computing,Project A,3,26,Data Scientist,13,Python,None,None,Become a Senior Engineer,Machine Learning
Candidate_328,50,Non-binary,Married,PhD,Mechanical Engineering,Harvard,AI,Project A,36,12,Software Engineer,8,C++,None,Employee of the Month,Lead a Research Team,Blockchain
Candidate_329,41,Male,Married,BSc,Computer Science,Harvard,Cybersecurity,Project C,44,25,Research Assistant,30,Python,AWS Certified,Best Intern Award,Become a Senior Engineer,Blockchain
Candidate_330,26,Non-binary,Married,BSc,Mechanical Engineering,Stanford,Cybersecurity,Project B,28,25,Research Assistant,3,Java,None,Employee of the Month,Become a Senior Engineer,Blockchain
Candidate_331,34,Female,Married,BSc,Electrical Engineering,Stanford,AI,Project C,47,13,Research Assistant,16,C++,AWS Certified,None,Pursue a PhD,Quantum Computing
Candidate_332,42,Male,Single,PhD,Computer Science,Stanford,Cloud Computing,Project A,40,13,Research Assistant,13,C++,AWS Certified,None,Lead a Research Team,Quantum Computing
Candidate_333,41,Non-binary,Single,BSc,Computer Science,Stanford,Cybersecurity,Project B,8,22,Research Assistant,11,Python,AWS Certified,Best Intern Award,Become a Senior Engineer,Machine Learning
Candidate_334,48,Female,Married,PhD,Computer Science,Harvard,Cloud Computing,Project A,12,1,Software Engineer,8,Python,None,Employee of the Month,Lead a Research Team,Quantum Computing
Candidate_335,32,Female,Single,PhD,Mechanical Engineering,Stanford,Cybersecurity,Project C,9,14,Research Assistant,7,C++,Cisco Certified,Best Intern Award,Lead a Research Team,Quantum Computing
Candidate_336,37,Male,Single,MSc,Electrical Engineering,Stanford,Cloud Computing,Project C,2,12,Data Scientist,22,Java,AWS Certified,Best Intern Award,Become a Senior Engineer,Machine Learning
Candidate_337,35,Male,Single,BSc,Electrical Engineering,Harvard,AI,Project A,20,4,Data Scientist,15,Python,Cisco Certified,Best Intern Award,Pursue a PhD,Blockchain
Candidate_338,32,Female,Single,MSc,Mechanical Engineering,MIT,Cybersecurity,Project B,45,6,Research Assistant,7,Python,None,Employee of the Month,Become a Senior Engineer,Quantum Computing
Candidate_339,35,Male,Married,MSc,Computer Science,Stanford,Cloud Computing,Project B,31,6,Software Engineer,27,Python,Cisco Certified,Employee of the Month,Become a Senior Engineer,Machine Learning
Candidate_340,24,Female,Single,MSc,Electrical Engineering,Stanford,Cybersecurity,Project A,2,25,Data Scientist,25,C++,None,Best Intern Award,Become a Senior Engineer,Machine Learning
Candidate_341,27,Female,Married,BSc,Electrical Engineering,Harvard,AI,Project C,19,5,Software Engineer,22,Java,AWS Certified,Employee of the Month,Lead a Research Team,Quantum Computing
Candidate_342,34,Female,Single,MSc,Electrical Engineering,Stanford,Cybersecurity,Project A,20,11,Software Engineer,11,C++,AWS Certified,Best Intern Award,Lead a Research Team,Blockchain
Candidate_343,26,Non-binary,Single,PhD,Mechanical Engineering,MIT,Cloud Computing,Project C,37,15,Research Assistant,20,Python,None,None,Become a Senior Engineer,Machine Learning
Candidate_344,48,Male,Single,MSc,Electrical Engineering,Harvard,AI,Project B,27,28,Research Assistant,15,C++,Cisco Certified,Employee of the Month,Become a Senior Engineer,Blockchain
Candidate_345,45,Male,Married,MSc,Mechanical Engineering,Harvard,Cybersecurity,Project A,19,22,Research Assistant,30,Java,None,None,Pursue a PhD,Blockchain
Candidate_346,26,Female,Single,MSc,Electrical Engineering,Stanford,Cloud Computing,Project A,38,3,Data Scientist,9,C++,Cisco Certified,Employee of the Month,Lead a Research Team,Machine Learning
Candidate_347,25,Female,Single,MSc,Computer Science,MIT,Cloud Computing,Project C,7,10,Research Assistant,30,Python,Cisco Certified,Employee of the Month,Pursue a PhD,Quantum Computing
Candidate_348,32,Female,Single,MSc,Mechanical Engineering,MIT,AI,Project C,9,27,Research Assistant,2,C++,AWS Certified,Best Intern Award,Pursue a PhD,Machine Learning
Candidate_349,29,Non-binary,Married,MSc,Electrical Engineering,Stanford,AI,Project B,43,3,Software Engineer,28,C++,None,None,Lead a Research Team,Machine Learning
Candidate_350,47,Female,Married,MSc,Electrical Engineering,MIT,AI,Project A,34,9,Data Scientist,15,Python,Cisco Certified,None,Become a Senior Engineer,Machine Learning
Candidate_351,40,Male,Married,MSc,Mechanical Engineering,MIT,Cloud Computing,Project B,50,19,Data Scientist,4,Java,Cisco Certified,Employee of the Month,Become a Senior Engineer,Blockchain
Candidate_352,41,Non-binary,Single,PhD,Computer Science,MIT,AI,Project B,22,7,Software Engineer,2,Java,AWS Certified,None,Pursue a PhD,Quantum Computing
Candidate_353,38,Female,Single,BSc,Electrical Engineering,MIT,AI,Project A,20,6,Software Engineer,13,C++,AWS Certified,None,Pursue a PhD,Quantum Computing
Candidate_354,22,Male,Single,BSc,Mechanical Engineering,Stanford,AI,Project A,45,18,Data Scientist,19,Python,AWS Certified,Best Intern Award,Pursue a PhD,Machine Learning
Candidate_355,47,Non-binary,Married,BSc,Mechanical Engineering,MIT,AI,Project C,0,26,Software Engineer,14,C++,AWS Certified,Best Intern Award,Pursue a PhD,Quantum Computing
Candidate_356,28,Female,Married,PhD,Electrical Engineering,MIT,Cybersecurity,Project B,2,28,Data Scientist,6,Python,None,Employee of the Month,Lead a Research Team,Machine Learning
Candidate_357,34,Non-binary,Married,BSc,Mechanical Engineering,Stanford,AI,Project C,13,12,Research Assistant,19,Python,Cisco Certified,None,Become a Senior Engineer,Quantum Computing
Candidate_358,46,Female,Married,BSc,Computer Science,MIT,Cloud Computing,Project B,41,5,Research Assistant,8,Python,AWS Certified,None,Become a Senior Engineer,Quantum Computing
Candidate_359,31,Non-binary,Married,PhD,Computer Science,MIT,Cybersecurity,Project B,4,15,Research Assistant,17,Python,None,None,Become a Senior Engineer,Blockchain
Candidate_360,40,Female,Married,MSc,Mechanical Engineering,MIT,Cloud Computing,Project C,27,3,Data Scientist,21,Java,AWS Certified,Employee of the Month,Become a Senior Engineer,Machine Learning
Candidate_361,31,Female,Single,MSc,Electrical Engineering,MIT,AI,Project C,34,5,Data Scientist,16,Java,AWS Certified,Employee of the Month,Pursue a PhD,Machine Learning
Candidate_362,41,Non-binary,Single,PhD,Computer Science,Stanford,Cybersecurity,Project C,43,2,Software Engineer,9,C++,None,Best Intern Award,Become a Senior Engineer,Quantum Computing
Candidate_363,24,Non-binary,Single,PhD,Computer Science,MIT,AI,Project B,18,15,Data Scientist,14,C++,Cisco Certified,Best Intern Award,Pursue a PhD,Quantum Computing
Candidate_364,29,Female,Married,PhD,Computer Science,Stanford,Cybersecurity,Project C,8,8,Software Engineer,15,C++,Cisco Certified,Best Intern Award,Lead a Research Team,Machine Learning
Candidate_365,46,Male,Single,BSc,Electrical Engineering,Harvard,AI,Project B,4,11,Software Engineer,24,Java,Cisco Certified,None,Pursue a PhD,Quantum Computing
Candidate_366,46,Male,Married,MSc,Computer Science,MIT,AI,Project A,26,17,Data Scientist,30,Java,AWS Certified,Employee of the Month,Pursue a PhD,Blockchain
Candidate_367,41,Female,Married,BSc,Computer Science,Harvard,Cybersecurity,Project B,22,19,Data Scientist,30,Python,Cisco Certified,Best Intern Award,Lead a Research Team,Machine Learning
Candidate_368,37,Non-binary,Single,PhD,Computer Science,Stanford,Cybersecurity,Project C,3,28,Data Scientist,5,C++,AWS Certified,Best Intern Award,Lead a Research Team,Blockchain
Candidate_369,29,Non-binary,Single,PhD,Computer Science,Harvard,AI,Project A,30,19,Software Engineer,6,Python,None,Employee of the Month,Become a Senior Engineer,Quantum Computing
Candidate_370,43,Female,Married,MSc,Computer Science,Stanford,Cybersecurity,Project A,45,9,Research Assistant,21,C++,Cisco Certified,None,Lead a Research Team,Quantum Computing
Candidate_371,33,Non-binary,Single,PhD,Mechanical Engineering,MIT,AI,Project C,12,27,Software Engineer,25,Python,AWS Certified,None,Become a Senior Engineer,Blockchain
Candidate_372,23,Male,Married,MSc,Electrical Engineering,MIT,Cloud Computing,Project C,14,29,Research Assistant,26,Java,None,Best Intern Award,Become a Senior Engineer,Quantum Computing
Candidate_373,33,Female,Married,PhD,Electrical Engineering,MIT,Cloud Computing,Project C,21,12,Software Engineer,16,Python,None,Best Intern Award,Pursue a PhD,Quantum Computing
Candidate_374,34,Non-binary,Single,MSc,Computer Science,Harvard,AI,Project B,35,8,Research Assistant,29,C++,None,Best Intern Award,Pursue a PhD,Blockchain
Candidate_375,32,Female,Single,BSc,Electrical Engineering,MIT,Cybersecurity,Project C,47,6,Research Assistant,21,Java,Cisco Certified,Best Intern Award,Become a Senior Engineer,Quantum Computing
Candidate_376,47,Male,Married,PhD,Computer Science,Harvard,AI,Project A,35,20,Software Engineer,19,Java,None,None,Become a Senior Engineer,Machine Learning
Candidate_377,33,Non-binary,Single,PhD,Computer Science,Stanford,Cloud Computing,Project C,31,22,Data Scientist,11,C++,Cisco Certified,None,Lead a Research Team,Quantum Computing
Candidate_378,45,Female,Single,MSc,Computer Science,Harvard,AI,Project A,26,2,Software Engineer,17,C++,Cisco Certified,Best Intern Award,Become a Senior Engineer,Machine Learning
Candidate_379,50,Female,Single,PhD,Electrical Engineering,MIT,AI,Project B,17,7,Software Engineer,30,Python,None,None,Become a Senior Engineer,Machine Learning
Candidate_380,28,Male,Married,BSc,Mechanical Engineering,Harvard,Cybersecurity,Project B,43,5,Software Engineer,17,Java,Cisco Certified,None,Pursue a PhD,Machine Learning
Candidate_381,34,Non-binary,Single,PhD,Computer Science,Harvard,Cybersecurity,Project A,7,7,Software Engineer,11,Java,None,Best Intern Award,Pursue a PhD,Blockchain
Candidate_382,35,Female,Single,MSc,Electrical Engineering,MIT,Cybersecurity,Project B,50,17,Data Scientist,29,Python,Cisco Certified,Employee of the Month,Lead a Research Team,Blockchain
Candidate_383,40,Female,Married,PhD,Computer Science,MIT,AI,Project B,36,17,Software Engineer,9,C++,Cisco Certified,Employee of the Month,Pursue a PhD,Blockchain
Candidate_384,27,Female,Married,PhD,Electrical Engineering,Stanford,AI,Project C,38,18,Data Scientist,1,C++,AWS Certified,Best Intern Award,Become a Senior Engineer,Quantum Computing
Candidate_385,23,Female,Single,BSc,Computer Science,Stanford,AI,Project B,45,24,Data Scientist,11,Python,Cisco Certified,Employee of the Month,Lead a Research Team,Machine Learning
Candidate_386,49,Non-binary,Single,BSc,Electrical Engineering,MIT,Cloud Computing,Project C,24,17,Software Engineer,22,C++,None,Employee of the Month,Pursue a PhD,Quantum Computing
Candidate_387,41,Non-binary,Married,PhD,Computer Science,MIT,Cybersecurity,Project B,45,3,Data Scientist,3,C++,AWS Certified,Best Intern Award,Become a Senior Engineer,Blockchain
Candidate_388,31,Non-binary,Single,BSc,Electrical Engineering,Harvard,Cloud Computing,Project C,30,22,Research Assistant,14,Java,None,Employee of the Month,Pursue a PhD,Quantum Computing
Candidate_389,32,Female,Married,MSc,Computer Science,Harvard,AI,Project C,10,13,Software Engineer,19,Java,AWS Certified,Best Intern Award,Become a Senior Engineer,Blockchain
Candidate_390,43,Male,Single,BSc,Computer Science,MIT,AI,Project B,32,26,Research Assistant,4,Python,AWS Certified,Employee of the Month,Pursue a PhD,Machine Learning
Candidate_391,37,Male,Married,BSc,Computer Science,Stanford,AI,Project B,3,22,Data Scientist,21,Java,None,Best Intern Award,Lead a Research Team,Machine Learning
Candidate_392,50,Non-binary,Single,MSc,Computer Science,Harvard,Cloud Computing,Project B,30,2,Research Assistant,16,Java,None,Employee of the Month,Lead a Research Team,Quantum Computing
Candidate_393,27,Male,Single,PhD,Mechanical Engineering,MIT,Cloud Computing,Project C,29,15,Software Engineer,6,Python,None,Employee of the Month,Become a Senior Engineer,Machine Learning
Candidate_394,27,Male,Married,BSc,Mechanical Engineering,MIT,AI,Project C,24,25,Research Assistant,27,C++,AWS Certified,None,Lead a Research Team,Blockchain
Candidate_395,35,Male,Married,BSc,Electrical Engineering,Stanford,AI,Project C,45,10,Software Engineer,4,Python,AWS Certified,Employee of the Month,Pursue a PhD,Blockchain
Candidate_396,50,Non-binary,Single,MSc,Computer Science,Harvard,AI,Project B,0,9,Research Assistant,3,C++,Cisco Certified,None,Pursue a PhD,Quantum Computing
Candidate_397,41,Male,Married,PhD,Computer Science,Harvard,AI,Project A,18,8,Software Engineer,22,C++,None,Employee of the Month,Pursue a PhD,Blockchain
Candidate_398,45,Non-binary,Married,PhD,Electrical Engineering,Stanford,Cloud Computing,Project C,1,14,Research Assistant,5,Python,AWS Certified,Employee of the Month,Pursue a PhD,Machine Learning
Candidate_399,50,Male,Married,MSc,Mechanical Engineering,MIT,AI,Project B,8,29,Research Assistant,5,C++,None,None,Lead a Research Team,Blockchain
Candidate_400,45,Male,Single,BSc,Computer Science,Stanford,AI,Project A,8,21,Data Scientist,26,C++,Cisco Certified,Best Intern Award,Lead a Research Team,Quantum Computing
Candidate_401,41,Female,Single,PhD,Mechanical Engineering,Stanford,Cloud Computing,Project C,13,10,Software Engineer,6,Java,Cisco Certified,Best Intern Award,Lead a Research Team,Quantum Computing
Candidate_402,34,Male,Married,BSc,Mechanical Engineering,MIT,Cloud Computing,Project B,36,28,Data Scientist,1,Python,AWS Certified,None,Become a Senior Engineer,Machine Learning
Candidate_403,46,Male,Single,BSc,Electrical Engineering,MIT,AI,Project B,18,8,Data Scientist,25,Java,AWS Certified,None,Become a Senior Engineer,Blockchain
Candidate_404,31,Male,Single,BSc,Electrical Engineering,Harvard,Cybersecurity,Project C,32,5,Data Scientist,15,Java,None,Best Intern Award,Become a Senior Engineer,Quantum Computing
Candidate_405,22,Male,Single,BSc,Mechanical Engineering,Harvard,Cloud Computing,Project C,0,5,Software Engineer,23,Python,Cisco Certified,Employee of the Month,Lead a Research Team,Blockchain
Candidate_406,36,Non-binary,Single,PhD,Electrical Engineering,MIT,Cybersecurity,Project C,16,5,Research Assistant,11,Python,Cisco Certified,Employee of the Month,Lead a Research Team,Blockchain
Candidate_407,32,Male,Married,PhD,Electrical Engineering,Harvard,Cybersecurity,Project C,0,24,Data Scientist,16,Python,AWS Certified,Best Intern Award,Become a Senior Engineer,Quantum Computing
Candidate_408,39,Male,Married,MSc,Computer Science,Stanford,AI,Project A,43,25,Software Engineer,2,Python,None,Employee of the Month,Pursue a PhD,Blockchain
Candidate_409,25,Male,Single,BSc,Mechanical Engineering,Stanford,AI,Project B,46,1,Software Engineer,7,Python,None,Best Intern Award,Pursue a PhD,Blockchain
Candidate_410,36,Female,Single,BSc,Computer Science,Harvard,Cybersecurity,Project B,3,3,Data Scientist,21,Java,Cisco Certified,Employee of the Month,Become a Senior Engineer,Blockchain
Candidate_411,34,Female,Married,MSc,Mechanical Engineering,Harvard,Cloud Computing,Project A,15,30,Software Engineer,10,Python,None,None,Lead a Research Team,Quantum Computing
Candidate_412,35,Female,Married,MSc,Electrical Engineering,Harvard,Cybersecurity,Project B,0,7,Software Engineer,15,C++,None,None,Become a Senior Engineer,Machine Learning
Candidate_413,49,Female,Single,MSc,Computer Science,Harvard,AI,Project C,23,19,Research Assistant,12,Python,AWS Certified,None,Pursue a PhD,Machine Learning
Candidate_414,22,Male,Married,PhD,Computer Science,MIT,AI,Project B,31,6,Research Assistant,29,Java,None,Best Intern Award,Lead a Research Team,Quantum Computing
Candidate_415,50,Non-binary,Married,MSc,Mechanical Engineering,MIT,Cybersecurity,Project A,23,3,Research Assistant,6,Java,AWS Certified,Employee of the Month,Become a Senior Engineer,Blockchain
Candidate_416,22,Non-binary,Married,BSc,Mechanical Engineering,MIT,AI,Project A,42,1,Research Assistant,23,Python,Cisco Certified,Employee of the Month,Lead a Research Team,Machine Learning
Candidate_417,27,Non-binary,Single,BSc,Electrical Engineering,Harvard,Cloud Computing,Project C,48,17,Research Assistant,20,Python,Cisco Certified,None,Lead a Research Team,Quantum Computing
Candidate_418,32,Non-binary,Single,BSc,Mechanical Engineering,MIT,AI,Project B,39,27,Software Engineer,8,C++,Cisco Certified,Employee of the Month,Become a Senior Engineer,Quantum Computing
Candidate_419,39,Non-binary,Single,MSc,Electrical Engineering,Stanford,AI,Project C,42,11,Data Scientist,17,Python,None,Best Intern Award,Become a Senior Engineer,Machine Learning
Candidate_420,42,Female,Married,PhD,Mechanical Engineering,Harvard,Cloud Computing,Project A,10,30,Data Scientist,2,C++,None,None,Lead a Research Team,Machine Learning
Candidate_421,47,Male,Married,BSc,Electrical Engineering,Harvard,Cybersecurity,Project C,18,10,Data Scientist,27,C++,None,None,Lead a Research Team,Quantum Computing
Candidate_422,48,Non-binary,Single,MSc,Computer Science,Harvard,Cloud Computing,Project C,8,23,Software Engineer,23,Java,AWS Certified,Best Intern Award,Become a Senior Engineer,Blockchain
Candidate_423,23,Non-binary,Married,PhD,Electrical Engineering,MIT,AI,Project A,49,27,Research Assistant,7,Python,AWS Certified,Employee of the Month,Pursue a PhD,Blockchain
Candidate_424,45,Male,Single,BSc,Mechanical Engineering,Harvard,AI,Project C,25,15,Software Engineer,8,Python,AWS Certified,Employee of the Month,Lead a Research Team,Machine Learning
Candidate_425,48,Female,Married,PhD,Mechanical Engineering,Stanford,AI,Project A,14,8,Software Engineer,24,Java,Cisco Certified,Employee of the Month,Pursue a PhD,Machine Learning
Candidate_426,48,Male,Married,MSc,Mechanical Engineering,Stanford,Cybersecurity,Project C,0,13,Data Scientist,24,C++,AWS Certified,None,Become a Senior Engineer,Machine Learning
Candidate_427,27,Male,Married,PhD,Electrical Engineering,MIT,AI,Project C,37,13,Software Engineer,4,Python,None,Employee of the Month,Lead a Research Team,Blockchain
Candidate_428,38,Male,Married,MSc,Electrical Engineering,MIT,Cloud Computing,Project C,41,5,Research Assistant,5,Python,Cisco Certified,Employee of the Month,Lead a Research Team,Blockchain
Candidate_429,26,Non-binary,Single,PhD,Mechanical Engineering,Harvard,AI,Project B,19,8,Data Scientist,28,Java,AWS Certified,Best Intern Award,Lead a Research Team,Machine Learning
Candidate_430,47,Non-binary,Single,MSc,Mechanical Engineering,MIT,Cloud Computing,Project A,5,7,Data Scientist,9,C++,None,None,Lead a Research Team,Quantum Computing
Candidate_431,36,Male,Married,MSc,Computer Science,MIT,Cloud Computing,Project C,2,12,Data Scientist,2,Python,None,Employee of the Month,Lead a Research Team,Quantum Computing
Candidate_432,32,Male,Married,PhD,Electrical Engineering,Stanford,Cloud Computing,Project B,13,9,Research Assistant,10,Java,None,Best Intern Award,Lead a Research Team,Quantum Computing
Candidate_433,35,Non-binary,Single,BSc,Electrical Engineering,MIT,AI,Project B,38,9,Software Engineer,5,C++,AWS Certified,Employee of the Month,Pursue a PhD,Blockchain
Candidate_434,23,Female,Married,MSc,Computer Science,MIT,Cloud Computing,Project C,47,17,Software Engineer,11,C++,None,Best Intern Award,Become a Senior Engineer,Machine Learning
Candidate_435,46,Male,Married,MSc,Computer Science,Stanford,Cloud Computing,Project C,34,14,Research Assistant,27,Java,AWS Certified,None,Lead a Research Team,Blockchain
Candidate_436,40,Male,Married,PhD,Computer Science,Harvard,Cloud Computing,Project A,27,24,Research Assistant,4,Python,AWS Certified,None,Pursue a PhD,Machine Learning
Candidate_437,47,Female,Single,BSc,Mechanical Engineering,MIT,Cloud Computing,Project A,9,20,Research Assistant,25,Java,Cisco Certified,Best Intern Award,Become a Senior Engineer,Quantum Computing
Candidate_438,23,Male,Married,MSc,Electrical Engineering,Stanford,Cybersecurity,Project A,4,4,Research Assistant,14,C++,AWS Certified,None,Lead a Research Team,Quantum Computing
Candidate_439,46,Male,Married,PhD,Electrical Engineering,MIT,Cloud Computing,Project C,6,2,Research Assistant,1,Python,None,Employee of the Month,Pursue a PhD,Machine Learning
Candidate_440,41,Male,Single,PhD,Electrical Engineering,Stanford,AI,Project C,31,5,Data Scientist,9,Java,Cisco Certified,None,Lead a Research Team,Quantum Computing
Candidate_441,47,Male,Single,BSc,Computer Science,MIT,Cloud Computing,Project B,17,5,Data Scientist,8,Python,Cisco Certified,None,Become a Senior Engineer,Machine Learning
Candidate_442,43,Male,Single,MSc,Electrical Engineering,Harvard,AI,Project A,44,14,Software Engineer,4,C++,None,Employee of the Month,Pursue a PhD,Quantum Computing
Candidate_443,35,Non-binary,Single,PhD,Mechanical Engineering,MIT,AI,Project A,23,11,Data Scientist,12,Java,None,Employee of the Month,Pursue a PhD,Quantum Computing
Candidate_444,50,Non-binary,Married,BSc,Electrical Engineering,Stanford,Cybersecurity,Project B,44,30,Data Scientist,19,Java,None,Employee of the Month,Become a Senior Engineer,Blockchain
Candidate_445,27,Male,Married,BSc,Electrical Engineering,Stanford,AI,Project C,17,25,Data Scientist,2,Python,AWS Certified,Best Intern Award,Lead a Research Team,Blockchain
Candidate_446,43,Male,Married,BSc,Electrical Engineering,Harvard,Cybersecurity,Project A,30,14,Data Scientist,28,Python,None,Best Intern Award,Become a Senior Engineer,Machine Learning
Candidate_447,47,Male,Married,BSc,Computer Science,Harvard,AI,Project B,40,8,Research Assistant,22,C++,AWS Certified,Employee of the Month,Lead a Research Team,Machine Learning
Candidate_448,38,Female,Married,MSc,Computer Science,Harvard,Cloud Computing,Project B,28,18,Data Scientist,20,C++,Cisco Certified,None,Pursue a PhD,Quantum Computing
Candidate_449,48,Female,Single,PhD,Mechanical Engineering,Harvard,Cybersecurity,Project B,10,11,Data Scientist,10,C++,AWS Certified,None,Lead a Research Team,Machine Learning
Candidate_450,45,Non-binary,Single,MSc,Computer Science,Harvard,Cloud Computing,Project B,6,26,Software Engineer,23,Python,AWS Certified,Employee of the Month,Lead a Research Team,Blockchain
Candidate_451,39,Male,Single,PhD,Computer Science,MIT,AI,Project B,32,17,Software Engineer,26,Python,Cisco Certified,Employee of the Month,Pursue a PhD,Machine Learning
Candidate_452,24,Non-binary,Married,PhD,Computer Science,Harvard,Cybersecurity,Project C,44,16,Research Assistant,28,C++,None,Best Intern Award,Pursue a PhD,Quantum Computing
Candidate_453,44,Female,Single,PhD,Mechanical Engineering,MIT,Cybersecurity,Project B,8,19,Research Assistant,2,Java,Cisco Certified,Employee of the Month,Become a Senior Engineer,Blockchain
Candidate_454,36,Non-binary,Single,BSc,Computer Science,MIT,AI,Project A,30,28,Software Engineer,18,Python,Cisco Certified,None,Become a Senior Engineer,Quantum Computing
Candidate_455,46,Female,Married,MSc,Computer Science,MIT,AI,Project B,12,19,Data Scientist,23,C++,Cisco Certified,None,Become a Senior Engineer,Machine Learning
Candidate_456,44,Male,Single,MSc,Computer Science,Harvard,Cloud Computing,Project B,0,20,Data Scientist,24,C++,AWS Certified,Best Intern Award,Pursue a PhD,Machine Learning
Candidate_457,23,Male,Single,MSc,Mechanical Engineering,Stanford,Cloud Computing,Project B,4,30,Software Engineer,28,C++,None,None,Become a Senior Engineer,Quantum Computing
Candidate_458,46,Female,Single,PhD,Electrical Engineering,Stanford,Cloud Computing,Project A,34,22,Software Engineer,6,Java,AWS Certified,None,Lead a Research Team,Machine Learning
Candidate_459,34,Non-binary,Married,PhD,Mechanical Engineering,MIT,Cloud Computing,Project B,36,18,Data Scientist,24,Python,None,Employee of the Month,Lead a Research Team,Blockchain
Candidate_460,45,Male,Single,MSc,Computer Science,Stanford,Cloud Computing,Project B,1,17,Data Scientist,25,Java,None,None,Become a Senior Engineer,Quantum Computing
Candidate_461,27,Non-binary,Married,PhD,Computer Science,Stanford,AI,Project C,33,15,Software Engineer,5,Java,AWS Certified,None,Lead a Research Team,Machine Learning
Candidate_462,34,Male,Married,BSc,Electrical Engineering,Stanford,Cybersecurity,Project A,6,13,Software Engineer,21,C++,AWS Certified,Employee of the Month,Pursue a PhD,Blockchain
Candidate_463,38,Non-binary,Married,PhD,Mechanical Engineering,MIT,Cloud Computing,Project A,50,26,Software Engineer,14,Python,AWS Certified,Best Intern Award,Lead a Research Team,Blockchain
Candidate_464,39,Female,Married,BSc,Computer Science,Harvard,Cloud Computing,Project A,16,10,Research Assistant,3,C++,Cisco Certified,Best Intern Award,Become a Senior Engineer,Quantum Computing
Candidate_465,37,Male,Single,PhD,Mechanical Engineering,Stanford,AI,Project C,32,4,Research Assistant,5,Python,Cisco Certified,Best Intern Award,Lead a Research Team,Blockchain
Candidate_466,28,Male,Single,MSc,Electrical Engineering,MIT,Cloud Computing,Project B,39,10,Software Engineer,6,C++,AWS Certified,Best Intern Award,Lead a Research Team,Blockchain
Candidate_467,40,Non-binary,Married,PhD,Mechanical Engineering,Harvard,Cybersecurity,Project C,45,9,Software Engineer,6,Python,None,None,Lead a Research Team,Blockchain
Candidate_468,49,Male,Married,PhD,Electrical Engineering,Stanford,AI,Project B,15,9,Software Engineer,16,Python,None,Best Intern Award,Become a Senior Engineer,Quantum Computing
Candidate_469,26,Male,Married,BSc,Computer Science,Harvard,Cloud Computing,Project A,40,7,Data Scientist,4,Java,None,Employee of the Month,Pursue a PhD,Quantum Computing
Candidate_470,37,Non-binary,Single,PhD,Mechanical Engineering,Stanford,AI,Project C,27,28,Research Assistant,17,Python,Cisco Certified,Employee of the Month,Become a Senior Engineer,Blockchain
Candidate_471,44,Male,Married,BSc,Mechanical Engineering,Harvard,AI,Project B,6,9,Data Scientist,16,Java,None,None,Pursue a PhD,Blockchain
Candidate_472,43,Male,Single,MSc,Electrical Engineering,Stanford,AI,Project B,1,9,Research Assistant,2,C++,Cisco Certified,Best Intern Award,Become a Senior Engineer,Machine Learning
Candidate_473,41,Female,Single,BSc,Computer Science,Harvard,Cloud Computing,Project A,20,16,Research Assistant,21,C++,Cisco Certified,Employee of the Month,Lead a Research Team,Quantum Computing
Candidate_474,29,Female,Married,MSc,Electrical Engineering,MIT,AI,Project C,43,27,Research Assistant,8,Python,Cisco Certified,None,Pursue a PhD,Machine Learning
Candidate_475,45,Female,Single,PhD,Computer Science,Stanford,Cybersecurity,Project B,43,25,Research Assistant,2,Java,Cisco Certified,None,Pursue a PhD,Blockchain
Candidate_476,22,Female,Single,PhD,Mechanical Engineering,Stanford,AI,Project A,11,14,Data Scientist,18,Python,Cisco Certified,None,Pursue a PhD,Blockchain
Candidate_477,45,Male,Married,PhD,Mechanical Engineering,Stanford,Cybersecurity,Project A,38,18,Data Scientist,10,Python,AWS Certified,None,Pursue a PhD,Blockchain
Candidate_478,43,Male,Married,PhD,Mechanical Engineering,Stanford,AI,Project B,49,25,Data Scientist,22,Java,None,Employee of the Month,Pursue a PhD,Quantum Computing
Candidate_479,30,Non-binary,Single,MSc,Mechanical Engineering,Harvard,Cybersecurity,Project B,22,2,Research Assistant,20,C++,Cisco Certified,Best Intern Award,Become a Senior Engineer,Machine Learning
Candidate_480,33,Non-binary,Single,PhD,Computer Science,MIT,Cybersecurity,Project C,5,17,Research Assistant,24,Python,None,None,Pursue a PhD,Machine Learning
Candidate_481,35,Male,Single,MSc,Computer Science,Harvard,Cloud Computing,Project A,22,27,Research Assistant,16,Python,AWS Certified,Employee of the Month,Become a Senior Engineer,Quantum Computing
Candidate_482,34,Male,Single,PhD,Electrical Engineering,Stanford,Cybersecurity,Project A,36,2,Software Engineer,3,Python,AWS Certified,Employee of the Month,Lead a Research Team,Machine Learning
Candidate_483,26,Female,Married,PhD,Computer Science,Stanford,AI,Project A,35,21,Data Scientist,17,Java,Cisco Certified,Employee of the Month,Lead a Research Team,Machine Learning
Candidate_484,27,Non-binary,Married,PhD,Computer Science,Harvard,AI,Project A,19,30,Software Engineer,9,Python,None,Best Intern Award,Pursue a PhD,Machine Learning
Candidate_485,36,Male,Single,MSc,Computer Science,Harvard,Cybersecurity,Project C,15,28,Data Scientist,6,C++,None,Employee of the Month,Become a Senior Engineer,Quantum Computing
Candidate_486,38,Male,Married,PhD,Electrical Engineering,Stanford,Cloud Computing,Project B,46,21,Research Assistant,22,C++,Cisco Certified,Employee of the Month,Lead a Research Team,Quantum Computing
Candidate_487,27,Male,Single,BSc,Computer Science,MIT,Cybersecurity,Project A,31,15,Research Assistant,8,Java,AWS Certified,None,Pursue a PhD,Blockchain
Candidate_488,44,Female,Single,PhD,Mechanical Engineering,Harvard,Cybersecurity,Project A,9,23,Research Assistant,2,Java,None,None,Lead a Research Team,Machine Learning
Candidate_489,39,Non-binary,Single,BSc,Electrical Engineering,MIT,Cloud Computing,Project B,47,27,Data Scientist,14,C++,Cisco Certified,None,Become a Senior Engineer,Blockchain
Candidate_490,30,Non-binary,Married,MSc,Electrical Engineering,MIT,Cybersecurity,Project C,14,18,Research Assistant,17,Python,None,Best Intern Award,Become a Senior Engineer,Quantum Computing
Candidate_491,41,Male,Married,MSc,Mechanical Engineering,MIT,Cloud Computing,Project A,35,6,Data Scientist,10,C++,Cisco Certified,Employee of the Month,Become a Senior Engineer,Machine Learning
Candidate_492,44,Non-binary,Single,MSc,Electrical Engineering,Stanford,Cloud Computing,Project B,44,10,Data Scientist,30,Python,AWS Certified,None,Lead a Research Team,Machine Learning
Candidate_493,42,Male,Single,MSc,Computer Science,MIT,AI,Project A,46,25,Software Engineer,16,C++,None,Best Intern Award,Lead a Research Team,Quantum Computing
Candidate_494,38,Male,Married,PhD,Mechanical Engineering,Harvard,Cloud Computing,Project C,11,7,Software Engineer,9,Python,AWS Certified,Employee of the Month,Become a Senior Engineer,Blockchain
Candidate_495,50,Male,Single,PhD,Mechanical Engineering,Harvard,Cybersecurity,Project C,9,30,Research Assistant,27,C++,None,None,Become a Senior Engineer,Blockchain
Candidate_496,34,Non-binary,Married,BSc,Mechanical Engineering,Stanford,AI,Project C,32,29,Data Scientist,2,Python,Cisco Certified,Best Intern Award,Become a Senior Engineer,Blockchain
Candidate_497,24,Male,Married,MSc,Computer Science,MIT,Cybersecurity,Project C,13,21,Research Assistant,11,Python,Cisco Certified,None,Pursue a PhD,Blockchain
Candidate_498,25,Male,Married,BSc,Computer Science,Harvard,Cloud Computing,Project B,29,17,Software Engineer,25,C++,AWS Certified,None,Lead a Research Team,Quantum Computing
Candidate_499,47,Male,Married,PhD,Mechanical Engineering,Harvard,AI,Project A,24,3,Data Scientist,6,Python,Cisco Certified,None,Pursue a PhD,Machine Learning
Candidate_500,44,Non-binary,Married,MSc,Mechanical Engineering,Stanford,Cloud Computing,Project C,33,1,Software Engineer,28,Python,Cisco Certified,Best Intern Award,Lead a Research Team,Machine Learning
